model,k-shot,target,scope_id,kw_context,vl_propform,Q_type,acc
LLaMA,10,A0,2,0,0,Q_pos,0.835
LLaMA,10,A0,1,0,0,Q_pos,0.773
LLaMA,10,A0,1,0,0,Q_neg,0.607
LLaMA,10,A0,2,0,0,Q_neg,0.565
LLaMA,10,A1,4,0,0,Q_pos,0.72
LLaMA,10,A1,2,0,0,Q_pos,0.634
LLaMA,10,A1,3,0,0,Q_neg,0.634
LLaMA,10,A1,1,0,0,Q_pos,0.627
LLaMA,10,A1,3,0,0,Q_pos,0.602
LLaMA,10,A1,2,0,0,Q_neg,0.531
LLaMA,10,A1,4,0,0,Q_neg,0.464
LLaMA,10,A1,1,0,0,Q_neg,0.372
LLaMA,10,A2,3,0,0,Q_pos,0.61
LLaMA,10,A2,4,0,0,Q_pos,0.6
LLaMA,10,A2,2,0,0,Q_pos,0.561
LLaMA,10,A2,1,0,0,Q_pos,0.512
LLaMA,10,A2,3,0,0,Q_neg,0.5
LLaMA,10,A2,4,0,0,Q_neg,0.5
LLaMA,10,A2,2,0,0,Q_neg,0.432
LLaMA,10,A2,1,0,0,Q_neg,0.346
LLaMA,10,A_dériv_ajout_de_sens,2,0,0,Q_neg,0.778
LLaMA,10,A_dériv_ajout_de_sens,2,0,0,Q_pos,0.707
LLaMA,10,A_dériv_ajout_de_sens,1,0,0,Q_pos,0.63
LLaMA,10,A_dériv_ajout_de_sens,1,0,0,Q_neg,0.395
LLaMA,10,A_dériv_qualificative,3,0,0,Q_neg,0.817
LLaMA,10,A_dériv_qualificative,2,0,0,Q_neg,0.65
LLaMA,10,A_dériv_qualificative,1,0,0,Q_pos,0.59
LLaMA,10,A_dériv_qualificative,2,0,0,Q_pos,0.554
LLaMA,10,A_dériv_qualificative,3,0,0,Q_pos,0.553
LLaMA,10,A_dériv_qualificative,1,0,0,Q_neg,0.475
LLaMA,10,A_i,3,0,0,Q_pos,0.714
LLaMA,10,A_i,1,0,0,Q_pos,0.683
LLaMA,10,A_i,2,0,0,Q_pos,0.679
LLaMA,10,A_i,3,0,0,Q_neg,0.583
LLaMA,10,A_i,2,0,0,Q_neg,0.488
LLaMA,10,A_i,1,0,0,Q_neg,0.41
LLaMA,10,Able1,4,0,0,Q_pos,0.869
LLaMA,10,Able1,5,0,0,Q_pos,0.849
LLaMA,10,Able1,3,0,0,Q_pos,0.845
LLaMA,10,Able1,2,0,0,Q_pos,0.81
LLaMA,10,Able1,1,0,0,Q_pos,0.759
LLaMA,10,Able1,2,0,0,Q_neg,0.47
LLaMA,10,Able1,3,0,0,Q_neg,0.44
LLaMA,10,Able1,1,0,0,Q_neg,0.439
LLaMA,10,Able1,5,0,0,Q_neg,0.427
LLaMA,10,Able1,4,0,0,Q_neg,0.4
LLaMA,10,Able2,5,0,0,Q_pos,0.929
LLaMA,10,Able2,1,0,0,Q_pos,0.906
LLaMA,10,Able2,4,0,0,Q_pos,0.897
LLaMA,10,Able2,3,0,0,Q_pos,0.869
LLaMA,10,Able2,2,0,0,Q_pos,0.859
LLaMA,10,Able2,3,0,0,Q_neg,0.825
LLaMA,10,Able2,2,0,0,Q_neg,0.622
LLaMA,10,Able2,4,0,0,Q_neg,0.585
LLaMA,10,Able2,5,0,0,Q_neg,0.542
LLaMA,10,Able2,1,0,0,Q_neg,0.207
LLaMA,10,Able_i,2,0,0,Q_pos,0.828
LLaMA,10,Able_i,4,0,0,Q_pos,0.773
LLaMA,10,Able_i,3,0,0,Q_pos,0.75
LLaMA,10,Able_i,1,0,0,Q_pos,0.739
LLaMA,10,Able_i,4,0,0,Q_neg,0.632
LLaMA,10,Able_i,2,0,0,Q_neg,0.593
LLaMA,10,Able_i,1,0,0,Q_neg,0.583
LLaMA,10,Able_i,3,0,0,Q_neg,0.488
LLaMA,10,Adv0,2,0,0,Q_pos,0.87
LLaMA,10,Adv0,1,0,0,Q_pos,0.761
LLaMA,10,Adv0,2,0,0,Q_neg,0.756
LLaMA,10,Adv0,1,0,0,Q_neg,0.648
LLaMA,10,Adv1,2,0,0,Q_pos,0.78
LLaMA,10,Adv1,2,0,0,Q_neg,0.639
LLaMA,10,Adv1,1,0,0,Q_pos,0.605
LLaMA,10,Adv1,1,0,0,Q_neg,0.429
LLaMA,10,Anti,3,0,0,Q_neg,0.789
LLaMA,10,Anti,2,0,0,Q_neg,0.778
LLaMA,10,Anti,1,0,0,Q_neg,0.758
LLaMA,10,Anti,2,0,0,Q_pos,0.649
LLaMA,10,Anti,1,0,0,Q_pos,0.624
LLaMA,10,Anti,3,0,0,Q_pos,0.622
LLaMA,10,Bon,3,0,0,Q_neg,0.724
LLaMA,10,Bon,2,0,0,Q_neg,0.643
LLaMA,10,Bon,1,0,0,Q_neg,0.576
LLaMA,10,Bon,3,0,0,Q_pos,0.506
LLaMA,10,Bon,1,0,0,Q_pos,0.447
LLaMA,10,Bon,2,0,0,Q_pos,0.442
LLaMA,10,Cap,2,0,0,Q_pos,0.818
LLaMA,10,Cap,1,0,0,Q_pos,0.816
LLaMA,10,Cap,3,0,0,Q_pos,0.814
LLaMA,10,Cap,3,0,0,Q_neg,0.756
LLaMA,10,Cap,2,0,0,Q_neg,0.739
LLaMA,10,Cap,1,0,0,Q_neg,0.736
LLaMA,10,Caus,4,0,0,Q_neg,0.725
LLaMA,10,Caus,2,0,0,Q_neg,0.602
LLaMA,10,Caus,3,0,0,Q_pos,0.586
LLaMA,10,Caus,1,0,0,Q_neg,0.558
LLaMA,10,Caus,3,0,0,Q_neg,0.551
LLaMA,10,Caus,1,0,0,Q_pos,0.539
LLaMA,10,Caus,4,0,0,Q_pos,0.5
LLaMA,10,Caus,2,0,0,Q_pos,0.442
LLaMA,10,Colloc_préposition,1,0,0,Q_pos,0.747
LLaMA,10,Colloc_préposition,1,0,0,Q_neg,0.705
LLaMA,10,Collocation_verbale,1,0,0,Q_neg,0.628
LLaMA,10,Collocation_verbale,1,0,0,Q_pos,0.575
LLaMA,10,Contr,3,0,0,Q_neg,0.736
LLaMA,10,Contr,1,0,0,Q_neg,0.652
LLaMA,10,Contr,2,0,0,Q_neg,0.602
LLaMA,10,Contr,2,0,0,Q_pos,0.418
LLaMA,10,Contr,1,0,0,Q_pos,0.36
LLaMA,10,Contr,3,0,0,Q_pos,0.337
LLaMA,10,Conv-ij,2,0,0,Q_neg,0.729
LLaMA,10,Conv-ij,1,0,0,Q_neg,0.667
LLaMA,10,Conv-ij,3,0,0,Q_neg,0.452
LLaMA,10,Conv-ij,3,0,0,Q_pos,0.372
LLaMA,10,Conv-ij,1,0,0,Q_pos,0.369
LLaMA,10,Conv-ij,2,0,0,Q_pos,0.357
LLaMA,10,Conv-ij*,2,0,0,Q_neg,0.837
LLaMA,10,Conv-ij*,1,0,0,Q_neg,0.776
LLaMA,10,Conv-ij*,3,0,0,Q_neg,0.702
LLaMA,10,Conv-ij*,1,0,0,Q_pos,0.47
LLaMA,10,Conv-ij*,2,0,0,Q_pos,0.464
LLaMA,10,Conv-ij*,3,0,0,Q_pos,0.393
LLaMA,10,Dérivation_adjectivale,1,0,0,Q_pos,0.622
LLaMA,10,Dérivation_adjectivale,1,0,0,Q_neg,0.621
LLaMA,10,Dérivation_adverbiale,1,0,0,Q_pos,0.774
LLaMA,10,Dérivation_adverbiale,1,0,0,Q_neg,0.724
LLaMA,10,Dérivation_nominale,1,0,0,Q_neg,0.744
LLaMA,10,Dérivation_nominale,1,0,0,Q_pos,0.517
LLaMA,10,Dérivation_verbale,1,0,0,Q_pos,0.871
LLaMA,10,Dérivation_verbale,1,0,0,Q_neg,0.788
LLaMA,10,Epit,3,0,0,Q_neg,0.739
LLaMA,10,Epit,1,0,0,Q_neg,0.685
LLaMA,10,Epit,2,0,0,Q_neg,0.574
LLaMA,10,Epit,3,0,0,Q_pos,0.461
LLaMA,10,Epit,2,0,0,Q_pos,0.452
LLaMA,10,Epit,1,0,0,Q_pos,0.451
LLaMA,10,Fact0,4,0,0,Q_neg,0.614
LLaMA,10,Fact0,3,0,0,Q_neg,0.61
LLaMA,10,Fact0,5,0,0,Q_neg,0.6
LLaMA,10,Fact0,4,0,0,Q_pos,0.565
LLaMA,10,Fact0,2,0,0,Q_neg,0.524
LLaMA,10,Fact0,1,0,0,Q_pos,0.506
LLaMA,10,Fact0,3,0,0,Q_pos,0.488
LLaMA,10,Fact0,5,0,0,Q_pos,0.434
LLaMA,10,Fact0,2,0,0,Q_pos,0.393
LLaMA,10,Fact0,1,0,0,Q_neg,0.388
LLaMA,10,Fact1,3,0,0,Q_pos,0.619
LLaMA,10,Fact1,4,0,0,Q_pos,0.59
LLaMA,10,Fact1,5,0,0,Q_pos,0.563
LLaMA,10,Fact1,5,0,0,Q_neg,0.558
LLaMA,10,Fact1,2,0,0,Q_pos,0.553
LLaMA,10,Fact1,1,0,0,Q_pos,0.53
LLaMA,10,Fact1,3,0,0,Q_neg,0.529
LLaMA,10,Fact1,2,0,0,Q_neg,0.46
LLaMA,10,Fact1,4,0,0,Q_neg,0.437
LLaMA,10,Fact1,1,0,0,Q_neg,0.4
LLaMA,10,Fact2,5,0,0,Q_pos,0.713
LLaMA,10,Fact2,1,0,0,Q_pos,0.698
LLaMA,10,Fact2,4,0,0,Q_pos,0.679
LLaMA,10,Fact2,3,0,0,Q_pos,0.674
LLaMA,10,Fact2,2,0,0,Q_pos,0.651
LLaMA,10,Fact2,5,0,0,Q_neg,0.651
LLaMA,10,Fact2,3,0,0,Q_neg,0.506
LLaMA,10,Fact2,4,0,0,Q_neg,0.489
LLaMA,10,Fact2,1,0,0,Q_neg,0.425
LLaMA,10,Fact2,2,0,0,Q_neg,0.414
LLaMA,10,Fact_i,3,0,0,Q_pos,0.651
LLaMA,10,Fact_i,2,0,0,Q_pos,0.643
LLaMA,10,Fact_i,1,0,0,Q_pos,0.607
LLaMA,10,Fact_i,4,0,0,Q_pos,0.59
LLaMA,10,Fact_i,1,0,0,Q_neg,0.53
LLaMA,10,Fact_i,2,0,0,Q_neg,0.518
LLaMA,10,Fact_i,3,0,0,Q_neg,0.506
LLaMA,10,Fact_i,4,0,0,Q_neg,0.464
LLaMA,10,Fin,4,0,0,Q_neg,0.736
LLaMA,10,Fin,2,0,0,Q_neg,0.711
LLaMA,10,Fin,3,0,0,Q_neg,0.626
LLaMA,10,Fin,1,0,0,Q_neg,0.6
LLaMA,10,Fin,4,0,0,Q_pos,0.582
LLaMA,10,Fin,1,0,0,Q_pos,0.565
LLaMA,10,Fin,3,0,0,Q_pos,0.556
LLaMA,10,Fin,2,0,0,Q_pos,0.544
LLaMA,10,Func0,1,0,0,Q_pos,0.698
LLaMA,10,Func0,4,0,0,Q_neg,0.682
LLaMA,10,Func0,3,0,0,Q_pos,0.667
LLaMA,10,Func0,2,0,0,Q_pos,0.663
LLaMA,10,Func0,4,0,0,Q_pos,0.635
LLaMA,10,Func0,2,0,0,Q_neg,0.607
LLaMA,10,Func0,3,0,0,Q_neg,0.547
LLaMA,10,Func0,1,0,0,Q_neg,0.472
LLaMA,10,Func2,1,0,0,Q_neg,0.624
LLaMA,10,Func2,3,0,0,Q_neg,0.548
LLaMA,10,Func2,2,0,0,Q_neg,0.541
LLaMA,10,Func2,2,0,0,Q_pos,0.529
LLaMA,10,Func2,4,0,0,Q_neg,0.529
LLaMA,10,Func2,4,0,0,Q_pos,0.529
LLaMA,10,Func2,1,0,0,Q_pos,0.464
LLaMA,10,Func2,3,0,0,Q_pos,0.463
LLaMA,10,Func_i,3,0,0,Q_neg,0.683
LLaMA,10,Func_i,2,0,0,Q_neg,0.573
LLaMA,10,Func_i,1,0,0,Q_neg,0.537
LLaMA,10,Func_i,3,0,0,Q_pos,0.512
LLaMA,10,Func_i,1,0,0,Q_pos,0.5
LLaMA,10,Func_i,2,0,0,Q_pos,0.42
LLaMA,10,Gener,3,0,0,Q_neg,0.773
LLaMA,10,Gener,1,0,0,Q_neg,0.739
LLaMA,10,Gener,3,0,0,Q_pos,0.67
LLaMA,10,Gener,2,0,0,Q_neg,0.667
LLaMA,10,Gener,1,0,0,Q_pos,0.614
LLaMA,10,Gener,2,0,0,Q_pos,0.613
LLaMA,10,Incep,3,0,0,Q_neg,0.621
LLaMA,10,Incep,1,0,0,Q_neg,0.607
LLaMA,10,Incep,4,0,0,Q_pos,0.602
LLaMA,10,Incep,2,0,0,Q_neg,0.596
LLaMA,10,Incep,4,0,0,Q_neg,0.589
LLaMA,10,Incep,2,0,0,Q_pos,0.582
LLaMA,10,Incep,1,0,0,Q_pos,0.571
LLaMA,10,Incep,3,0,0,Q_pos,0.544
LLaMA,10,Instr,2,0,0,Q_neg,0.698
LLaMA,10,Instr,1,0,0,Q_neg,0.689
LLaMA,10,Instr,2,0,0,Q_pos,0.598
LLaMA,10,Instr,1,0,0,Q_pos,0.516
LLaMA,10,Labreal12,3,0,0,Q_pos,0.739
LLaMA,10,Labreal12,1,0,0,Q_pos,0.736
LLaMA,10,Labreal12,2,0,0,Q_pos,0.697
LLaMA,10,Labreal12,4,0,0,Q_pos,0.652
LLaMA,10,Labreal12,2,0,0,Q_neg,0.631
LLaMA,10,Labreal12,4,0,0,Q_neg,0.576
LLaMA,10,Labreal12,3,0,0,Q_neg,0.563
LLaMA,10,Labreal12,1,0,0,Q_neg,0.477
LLaMA,10,Liqu,2,0,0,Q_neg,0.644
LLaMA,10,Liqu,1,0,0,Q_neg,0.643
LLaMA,10,Liqu,3,0,0,Q_neg,0.636
LLaMA,10,Liqu,4,0,0,Q_neg,0.607
LLaMA,10,Liqu,4,0,0,Q_pos,0.607
LLaMA,10,Liqu,1,0,0,Q_pos,0.581
LLaMA,10,Liqu,3,0,0,Q_pos,0.576
LLaMA,10,Liqu,2,0,0,Q_pos,0.523
LLaMA,10,Loc,1,0,0,Q_neg,0.585
LLaMA,10,Loc,2,0,0,Q_neg,0.551
LLaMA,10,Loc,2,0,0,Q_pos,0.482
LLaMA,10,Loc,1,0,0,Q_pos,0.462
LLaMA,10,Magn,3,0,0,Q_neg,0.709
LLaMA,10,Magn,2,0,0,Q_neg,0.549
LLaMA,10,Magn,1,0,0,Q_neg,0.542
LLaMA,10,Magn,3,0,0,Q_pos,0.471
LLaMA,10,Magn,1,0,0,Q_pos,0.465
LLaMA,10,Magn,2,0,0,Q_pos,0.425
LLaMA,10,Modif_ajout_de_sens,2,0,0,Q_neg,0.602
LLaMA,10,Modif_ajout_de_sens,1,0,0,Q_neg,0.56
LLaMA,10,Modif_ajout_de_sens,1,0,0,Q_pos,0.439
LLaMA,10,Modif_ajout_de_sens,2,0,0,Q_pos,0.425
LLaMA,10,Modif_sens_vide,2,0,0,Q_neg,0.588
LLaMA,10,Modif_sens_vide,1,0,0,Q_neg,0.525
LLaMA,10,Modif_sens_vide,1,0,0,Q_pos,0.481
LLaMA,10,Modif_sens_vide,2,0,0,Q_pos,0.457
LLaMA,10,Modificateur,1,0,0,Q_neg,0.795
LLaMA,10,Modificateur,1,0,0,Q_pos,0.607
LLaMA,10,Mult,1,0,0,Q_pos,0.648
LLaMA,10,Mult,2,0,0,Q_pos,0.64
LLaMA,10,Mult,2,0,0,Q_neg,0.591
LLaMA,10,Mult,1,0,0,Q_neg,0.489
LLaMA,10,N_dériv_ajout_de_sens,2,0,0,Q_neg,0.647
LLaMA,10,N_dériv_ajout_de_sens,1,0,0,Q_neg,0.539
LLaMA,10,N_dériv_ajout_de_sens,2,0,0,Q_pos,0.494
LLaMA,10,N_dériv_ajout_de_sens,1,0,0,Q_pos,0.471
LLaMA,10,N_dériv_circonstancielle,3,0,0,Q_neg,0.729
LLaMA,10,N_dériv_circonstancielle,2,0,0,Q_neg,0.643
LLaMA,10,N_dériv_circonstancielle,1,0,0,Q_neg,0.627
LLaMA,10,N_dériv_circonstancielle,2,0,0,Q_pos,0.44
LLaMA,10,N_dériv_circonstancielle,3,0,0,Q_pos,0.424
LLaMA,10,N_dériv_circonstancielle,1,0,0,Q_pos,0.42
LLaMA,10,Nom_gouverneur,1,0,0,Q_neg,0.627
LLaMA,10,Nom_gouverneur,1,0,0,Q_pos,0.274
LLaMA,10,Oper1,1,0,0,Q_neg,0.605
LLaMA,10,Oper1,3,0,0,Q_neg,0.588
LLaMA,10,Oper1,2,0,0,Q_pos,0.506
LLaMA,10,Oper1,3,0,0,Q_pos,0.506
LLaMA,10,Oper1,1,0,0,Q_pos,0.5
LLaMA,10,Oper1,2,0,0,Q_neg,0.5
LLaMA,10,Oper1,4,0,0,Q_neg,0.494
LLaMA,10,Oper1,4,0,0,Q_pos,0.471
LLaMA,10,Oper2,4,0,0,Q_neg,0.64
LLaMA,10,Oper2,3,0,0,Q_neg,0.609
LLaMA,10,Oper2,4,0,0,Q_pos,0.586
LLaMA,10,Oper2,3,0,0,Q_pos,0.581
LLaMA,10,Oper2,2,0,0,Q_pos,0.512
LLaMA,10,Oper2,1,0,0,Q_pos,0.489
LLaMA,10,Oper2,1,0,0,Q_neg,0.488
LLaMA,10,Oper2,2,0,0,Q_neg,0.482
LLaMA,10,Oper_i,2,0,0,Q_neg,0.663
LLaMA,10,Oper_i,3,0,0,Q_neg,0.619
LLaMA,10,Oper_i,1,0,0,Q_pos,0.566
LLaMA,10,Oper_i,3,0,0,Q_pos,0.53
LLaMA,10,Oper_i,1,0,0,Q_neg,0.529
LLaMA,10,Oper_i,2,0,0,Q_pos,0.5
LLaMA,10,Pred,2,0,0,Q_pos,0.742
LLaMA,10,Pred,3,0,0,Q_pos,0.724
LLaMA,10,Pred,1,0,0,Q_pos,0.67
LLaMA,10,Pred,3,0,0,Q_neg,0.591
LLaMA,10,Pred,1,0,0,Q_neg,0.584
LLaMA,10,Pred,2,0,0,Q_neg,0.413
LLaMA,10,Qual1,4,0,0,Q_neg,0.518
LLaMA,10,Qual1,3,0,0,Q_pos,0.5
LLaMA,10,Qual1,2,0,0,Q_pos,0.494
LLaMA,10,Qual1,3,0,0,Q_neg,0.494
LLaMA,10,Qual1,4,0,0,Q_pos,0.471
LLaMA,10,Qual1,1,0,0,Q_pos,0.405
LLaMA,10,Qual1,2,0,0,Q_neg,0.333
LLaMA,10,Qual1,1,0,0,Q_neg,0.28
LLaMA,10,Real1,4,0,0,Q_neg,0.578
LLaMA,10,Real1,3,0,0,Q_pos,0.576
LLaMA,10,Real1,2,0,0,Q_pos,0.56
LLaMA,10,Real1,5,0,0,Q_pos,0.56
LLaMA,10,Real1,5,0,0,Q_neg,0.554
LLaMA,10,Real1,4,0,0,Q_pos,0.553
LLaMA,10,Real1,1,0,0,Q_pos,0.548
LLaMA,10,Real1,3,0,0,Q_neg,0.548
LLaMA,10,Real1,2,0,0,Q_neg,0.54
LLaMA,10,Real1,1,0,0,Q_neg,0.488
LLaMA,10,Real2,1,0,0,Q_neg,0.643
LLaMA,10,Real2,3,0,0,Q_neg,0.612
LLaMA,10,Real2,1,0,0,Q_pos,0.578
LLaMA,10,Real2,5,0,0,Q_neg,0.573
LLaMA,10,Real2,4,0,0,Q_neg,0.571
LLaMA,10,Real2,5,0,0,Q_pos,0.558
LLaMA,10,Real2,2,0,0,Q_pos,0.535
LLaMA,10,Real2,4,0,0,Q_pos,0.523
LLaMA,10,Real2,3,0,0,Q_pos,0.518
LLaMA,10,Real2,2,0,0,Q_neg,0.407
LLaMA,10,Real3,5,0,0,Q_neg,0.702
LLaMA,10,Real3,1,0,0,Q_neg,0.694
LLaMA,10,Real3,5,0,0,Q_pos,0.618
LLaMA,10,Real3,1,0,0,Q_pos,0.616
LLaMA,10,Real3,3,0,0,Q_neg,0.607
LLaMA,10,Real3,3,0,0,Q_pos,0.588
LLaMA,10,Real3,4,0,0,Q_pos,0.545
LLaMA,10,Real3,2,0,0,Q_pos,0.517
LLaMA,10,Real3,2,0,0,Q_neg,0.512
LLaMA,10,Real3,4,0,0,Q_neg,0.458
LLaMA,10,Real_i,2,0,0,Q_neg,0.607
LLaMA,10,Real_i,4,0,0,Q_neg,0.563
LLaMA,10,Real_i,2,0,0,Q_pos,0.558
LLaMA,10,Real_i,1,0,0,Q_neg,0.528
LLaMA,10,Real_i,4,0,0,Q_pos,0.494
LLaMA,10,Real_i,3,0,0,Q_neg,0.483
LLaMA,10,Real_i,3,0,0,Q_pos,0.477
LLaMA,10,Real_i,1,0,0,Q_pos,0.464
LLaMA,10,RealΩ,5,0,0,Q_neg,0.679
LLaMA,10,RealΩ,1,0,0,Q_pos,0.605
LLaMA,10,RealΩ,3,0,0,Q_pos,0.598
LLaMA,10,RealΩ,5,0,0,Q_pos,0.586
LLaMA,10,RealΩ,2,0,0,Q_pos,0.576
LLaMA,10,RealΩ,4,0,0,Q_pos,0.547
LLaMA,10,RealΩ,3,0,0,Q_neg,0.529
LLaMA,10,RealΩ,4,0,0,Q_neg,0.5
LLaMA,10,RealΩ,1,0,0,Q_neg,0.453
LLaMA,10,RealΩ,2,0,0,Q_neg,0.416
LLaMA,10,Redun,3,0,0,Q_neg,0.667
LLaMA,10,Redun,1,0,0,Q_neg,0.644
LLaMA,10,Redun,2,0,0,Q_neg,0.568
LLaMA,10,Redun,1,0,0,Q_pos,0.539
LLaMA,10,Redun,3,0,0,Q_pos,0.528
LLaMA,10,Redun,2,0,0,Q_pos,0.506
LLaMA,10,Result2,2,0,0,Q_pos,0.699
LLaMA,10,Result2,1,0,0,Q_neg,0.588
LLaMA,10,Result2,1,0,0,Q_pos,0.506
LLaMA,10,Result2,2,0,0,Q_neg,0.393
LLaMA,10,S0,1,0,0,Q_pos,0.729
LLaMA,10,S0,1,0,0,Q_neg,0.639
LLaMA,10,S0,2,0,0,Q_neg,0.636
LLaMA,10,S0,2,0,0,Q_pos,0.595
LLaMA,10,S1,4,0,0,Q_pos,0.741
LLaMA,10,S1,2,0,0,Q_pos,0.674
LLaMA,10,S1,4,0,0,Q_neg,0.671
LLaMA,10,S1,1,0,0,Q_pos,0.659
LLaMA,10,S1,3,0,0,Q_pos,0.628
LLaMA,10,S1,3,0,0,Q_neg,0.542
LLaMA,10,S1,2,0,0,Q_neg,0.536
LLaMA,10,S1,1,0,0,Q_neg,0.5
LLaMA,10,S2,4,0,0,Q_neg,0.624
LLaMA,10,S2,1,0,0,Q_neg,0.578
LLaMA,10,S2,3,0,0,Q_neg,0.576
LLaMA,10,S2,2,0,0,Q_neg,0.529
LLaMA,10,S2,3,0,0,Q_pos,0.482
LLaMA,10,S2,4,0,0,Q_pos,0.471
LLaMA,10,S2,1,0,0,Q_pos,0.447
LLaMA,10,S2,2,0,0,Q_pos,0.447
LLaMA,10,S3,3,0,0,Q_neg,0.744
LLaMA,10,S3,4,0,0,Q_neg,0.679
LLaMA,10,S3,2,0,0,Q_neg,0.667
LLaMA,10,S3,3,0,0,Q_pos,0.548
LLaMA,10,S3,1,0,0,Q_pos,0.518
LLaMA,10,S3,1,0,0,Q_neg,0.488
LLaMA,10,S3,2,0,0,Q_pos,0.464
LLaMA,10,S3,4,0,0,Q_pos,0.439
LLaMA,10,S_i,1,0,0,Q_neg,0.545
LLaMA,10,S_i,2,0,0,Q_pos,0.494
LLaMA,10,S_i,3,0,0,Q_neg,0.488
LLaMA,10,S_i,1,0,0,Q_pos,0.482
LLaMA,10,S_i,3,0,0,Q_pos,0.393
LLaMA,10,S_i,2,0,0,Q_neg,0.375
LLaMA,10,Sing,3,0,0,Q_neg,0.674
LLaMA,10,Sing,1,0,0,Q_neg,0.576
LLaMA,10,Sing,2,0,0,Q_neg,0.461
LLaMA,10,Sing,3,0,0,Q_pos,0.432
LLaMA,10,Sing,2,0,0,Q_pos,0.386
LLaMA,10,Sing,1,0,0,Q_pos,0.372
LLaMA,10,Singulier,2,0,0,Q_neg,0.84
LLaMA,10,Singulier,2,0,0,Q_pos,0.711
LLaMA,10,Singulier,1,0,0,Q_pos,0.682
LLaMA,10,Singulier,1,0,0,Q_neg,0.59
LLaMA,10,Sinstr,2,0,0,Q_neg,0.767
LLaMA,10,Sinstr,4,0,0,Q_neg,0.722
LLaMA,10,Sinstr,3,0,0,Q_neg,0.633
LLaMA,10,Sinstr,4,0,0,Q_pos,0.56
LLaMA,10,Sinstr,1,0,0,Q_neg,0.556
LLaMA,10,Sinstr,3,0,0,Q_pos,0.544
LLaMA,10,Sinstr,1,0,0,Q_pos,0.533
LLaMA,10,Sinstr,2,0,0,Q_pos,0.511
LLaMA,10,Sloc,4,0,0,Q_neg,0.727
LLaMA,10,Sloc,1,0,0,Q_neg,0.701
LLaMA,10,Sloc,3,0,0,Q_neg,0.593
LLaMA,10,Sloc,2,0,0,Q_neg,0.584
LLaMA,10,Sloc,2,0,0,Q_pos,0.393
LLaMA,10,Sloc,1,0,0,Q_pos,0.37
LLaMA,10,Sloc,3,0,0,Q_pos,0.36
LLaMA,10,Sloc,4,0,0,Q_pos,0.356
LLaMA,10,Sres,2,0,0,Q_pos,0.86
LLaMA,10,Sres,1,0,0,Q_pos,0.839
LLaMA,10,Sres,3,0,0,Q_pos,0.831
LLaMA,10,Sres,4,0,0,Q_pos,0.759
LLaMA,10,Sres,1,0,0,Q_neg,0.667
LLaMA,10,Sres,2,0,0,Q_neg,0.627
LLaMA,10,Sres,4,0,0,Q_neg,0.602
LLaMA,10,Sres,3,0,0,Q_neg,0.565
LLaMA,10,Subst_sens_opposé,1,0,0,Q_neg,0.711
LLaMA,10,Subst_sens_opposé,2,0,0,Q_neg,0.639
LLaMA,10,Subst_sens_opposé,1,0,0,Q_pos,0.354
LLaMA,10,Subst_sens_opposé,2,0,0,Q_pos,0.3
LLaMA,10,Subst_sens_similaire,1,0,0,Q_neg,0.86
LLaMA,10,Subst_sens_similaire,1,0,0,Q_pos,0.482
LLaMA,10,Subst_sens_similaire,2,0,0,Q_pos,0.393
LLaMA,10,Subst_sens_similaire,2,0,0,Q_neg,0.369
LLaMA,10,Substitutive,1,0,0,Q_neg,0.381
LLaMA,10,Substitutive,1,0,0,Q_pos,0.312
LLaMA,10,Syn,2,0,0,Q_neg,0.722
LLaMA,10,Syn,3,0,0,Q_neg,0.681
LLaMA,10,Syn,1,0,0,Q_neg,0.587
LLaMA,10,Syn,2,0,0,Q_pos,0.527
LLaMA,10,Syn,3,0,0,Q_pos,0.478
LLaMA,10,Syn,1,0,0,Q_pos,0.456
LLaMA,10,V0,3,0,0,Q_pos,0.854
LLaMA,10,V0,1,0,0,Q_neg,0.791
LLaMA,10,V0,2,0,0,Q_neg,0.747
LLaMA,10,V0,3,0,0,Q_neg,0.739
LLaMA,10,V0,2,0,0,Q_pos,0.718
LLaMA,10,V0,1,0,0,Q_pos,0.7
LLaMA,10,V_collocation_ajout_de_sens,2,0,0,Q_neg,0.643
LLaMA,10,V_collocation_ajout_de_sens,2,0,0,Q_pos,0.595
LLaMA,10,V_collocation_ajout_de_sens,1,0,0,Q_pos,0.58
LLaMA,10,V_collocation_ajout_de_sens,1,0,0,Q_neg,0.31
LLaMA,10,V_dériv_sens_vide,1,0,0,Q_neg,0.675
LLaMA,10,V_dériv_sens_vide,2,0,0,Q_pos,0.633
LLaMA,10,V_dériv_sens_vide,2,0,0,Q_neg,0.624
LLaMA,10,V_dériv_sens_vide,1,0,0,Q_pos,0.543
LLaMA,10,Ver,2,0,0,Q_neg,0.6
LLaMA,10,Ver,3,0,0,Q_neg,0.598
LLaMA,10,Ver,2,0,0,Q_pos,0.585
LLaMA,10,Ver,3,0,0,Q_pos,0.58
LLaMA,10,Ver,1,0,0,Q_pos,0.531
LLaMA,10,Ver,1,0,0,Q_neg,0.518
LLaMA,10,Verbe_support,2,0,0,Q_neg,0.674
LLaMA,10,Verbe_support,2,0,0,Q_pos,0.56
LLaMA,10,Verbe_support,1,0,0,Q_pos,0.536
LLaMA,10,Verbe_support,1,0,0,Q_neg,0.506
LLaMA,10,Verbes_causatifs,3,0,0,Q_neg,0.84
LLaMA,10,Verbes_causatifs,2,0,0,Q_neg,0.568
LLaMA,10,Verbes_causatifs,1,0,0,Q_neg,0.56
LLaMA,10,Verbes_causatifs,2,0,0,Q_pos,0.415
LLaMA,10,Verbes_causatifs,1,0,0,Q_pos,0.405
LLaMA,10,Verbes_causatifs,3,0,0,Q_pos,0.386
LLaMA,10,Verbes_de_phase,3,0,0,Q_neg,0.624
LLaMA,10,Verbes_de_phase,1,0,0,Q_neg,0.542
LLaMA,10,Verbes_de_phase,2,0,0,Q_neg,0.47
LLaMA,10,Verbes_de_phase,2,0,0,Q_pos,0.464
LLaMA,10,Verbes_de_phase,1,0,0,Q_pos,0.422
LLaMA,10,Verbes_de_phase,3,0,0,Q_pos,0.37
LLaMA,10,Vreal,2,0,0,Q_pos,0.793
LLaMA,10,Vreal,3,0,0,Q_pos,0.771
LLaMA,10,Vreal,1,0,0,Q_pos,0.741
LLaMA,10,Vreal,3,0,0,Q_neg,0.728
LLaMA,10,Vreal,2,0,0,Q_neg,0.593
LLaMA,10,Vreal,1,0,0,Q_neg,0.512
Mistral,10,A0,1,0,1,Q_pos,1.0
Mistral,10,A0,2,0,1,Q_pos,1.0
Mistral,10,A0,2,0,1,Q_neg,0.254
Mistral,10,A0,1,0,1,Q_neg,0.222
Mistral,10,A1,4,0,1,Q_pos,0.971
Mistral,10,A1,2,0,1,Q_pos,0.92
Mistral,10,A1,1,0,1,Q_pos,0.904
Mistral,10,A1,3,0,1,Q_pos,0.895
Mistral,10,A1,3,0,1,Q_neg,0.262
Mistral,10,A1,1,0,1,Q_neg,0.232
Mistral,10,A1,4,0,1,Q_neg,0.224
Mistral,10,A1,2,0,1,Q_neg,0.167
Mistral,10,A2,4,0,1,Q_pos,0.944
Mistral,10,A2,3,0,1,Q_pos,0.871
Mistral,10,A2,2,0,1,Q_pos,0.829
Mistral,10,A2,1,0,1,Q_pos,0.824
Mistral,10,A2,4,0,1,Q_neg,0.234
Mistral,10,A2,3,0,1,Q_neg,0.176
Mistral,10,A2,1,0,1,Q_neg,0.11
Mistral,10,A2,2,0,1,Q_neg,0.027
Mistral,10,A_dériv_ajout_de_sens,1,0,1,Q_pos,1.0
Mistral,10,A_dériv_ajout_de_sens,2,0,1,Q_pos,1.0
Mistral,10,A_dériv_ajout_de_sens,2,0,1,Q_neg,0.356
Mistral,10,A_dériv_ajout_de_sens,1,0,1,Q_neg,0.156
Mistral,10,A_dériv_qualificative,2,0,1,Q_pos,0.941
Mistral,10,A_dériv_qualificative,1,0,1,Q_pos,0.938
Mistral,10,A_dériv_qualificative,3,0,1,Q_pos,0.925
Mistral,10,A_dériv_qualificative,1,0,1,Q_neg,0.394
Mistral,10,A_dériv_qualificative,2,0,1,Q_neg,0.35
Mistral,10,A_dériv_qualificative,3,0,1,Q_neg,0.321
Mistral,10,A_i,1,0,1,Q_pos,0.918
Mistral,10,A_i,3,0,1,Q_pos,0.914
Mistral,10,A_i,2,0,1,Q_pos,0.913
Mistral,10,A_i,2,0,1,Q_neg,0.206
Mistral,10,A_i,3,0,1,Q_neg,0.138
Mistral,10,A_i,1,0,1,Q_neg,0.071
Mistral,10,Able1,2,0,1,Q_pos,1.0
Mistral,10,Able1,3,0,1,Q_pos,1.0
Mistral,10,Able1,5,0,1,Q_pos,1.0
Mistral,10,Able1,1,0,1,Q_pos,0.984
Mistral,10,Able1,4,0,1,Q_pos,0.971
Mistral,10,Able1,2,0,1,Q_neg,0.302
Mistral,10,Able1,5,0,1,Q_neg,0.25
Mistral,10,Able1,1,0,1,Q_neg,0.239
Mistral,10,Able1,3,0,1,Q_neg,0.235
Mistral,10,Able1,4,0,1,Q_neg,0.233
Mistral,10,Able2,1,0,1,Q_pos,0.947
Mistral,10,Able2,5,0,1,Q_pos,0.947
Mistral,10,Able2,2,0,1,Q_pos,0.93
Mistral,10,Able2,3,0,1,Q_pos,0.918
Mistral,10,Able2,4,0,1,Q_pos,0.907
Mistral,10,Able2,3,0,1,Q_neg,0.435
Mistral,10,Able2,2,0,1,Q_neg,0.323
Mistral,10,Able2,4,0,1,Q_neg,0.254
Mistral,10,Able2,5,0,1,Q_neg,0.219
Mistral,10,Able2,1,0,1,Q_neg,0.118
Mistral,10,Able_i,3,0,1,Q_pos,0.932
Mistral,10,Able_i,2,0,1,Q_pos,0.882
Mistral,10,Able_i,4,0,1,Q_pos,0.871
Mistral,10,Able_i,1,0,1,Q_pos,0.864
Mistral,10,Able_i,1,0,1,Q_neg,0.5
Mistral,10,Able_i,4,0,1,Q_neg,0.475
Mistral,10,Able_i,2,0,1,Q_neg,0.246
Mistral,10,Able_i,3,0,1,Q_neg,0.141
Mistral,10,Adv0,2,0,1,Q_pos,1.0
Mistral,10,Adv0,1,0,1,Q_pos,0.946
Mistral,10,Adv0,2,0,1,Q_neg,0.106
Mistral,10,Adv0,1,0,1,Q_neg,0.103
Mistral,10,Adv1,1,0,1,Q_pos,1.0
Mistral,10,Adv1,2,0,1,Q_pos,1.0
Mistral,10,Adv1,2,0,1,Q_neg,0.147
Mistral,10,Adv1,1,0,1,Q_neg,0.029
Mistral,10,Anti,2,0,1,Q_pos,0.984
Mistral,10,Anti,3,0,1,Q_pos,0.971
Mistral,10,Anti,1,0,1,Q_pos,0.926
Mistral,10,Anti,3,0,1,Q_neg,0.404
Mistral,10,Anti,1,0,1,Q_neg,0.4
Mistral,10,Anti,2,0,1,Q_neg,0.39
Mistral,10,Bon,1,0,1,Q_pos,1.0
Mistral,10,Bon,2,0,1,Q_pos,0.985
Mistral,10,Bon,3,0,1,Q_pos,0.941
Mistral,10,Bon,2,0,1,Q_neg,0.233
Mistral,10,Bon,1,0,1,Q_neg,0.143
Mistral,10,Bon,3,0,1,Q_neg,0.115
Mistral,10,Cap,2,0,1,Q_pos,1.0
Mistral,10,Cap,3,0,1,Q_pos,1.0
Mistral,10,Cap,1,0,1,Q_pos,0.971
Mistral,10,Cap,2,0,1,Q_neg,0.481
Mistral,10,Cap,3,0,1,Q_neg,0.218
Mistral,10,Cap,1,0,1,Q_neg,0.19
Mistral,10,Caus,1,0,1,Q_pos,1.0
Mistral,10,Caus,2,0,1,Q_pos,1.0
Mistral,10,Caus,3,0,1,Q_pos,1.0
Mistral,10,Caus,4,0,1,Q_pos,1.0
Mistral,10,Caus,4,0,1,Q_neg,0.273
Mistral,10,Caus,2,0,1,Q_neg,0.238
Mistral,10,Caus,1,0,1,Q_neg,0.092
Mistral,10,Caus,3,0,1,Q_neg,0.072
Mistral,10,Colloc_préposition,1,0,1,Q_pos,1.0
Mistral,10,Colloc_préposition,1,0,1,Q_neg,0.418
Mistral,10,Collocation_verbale,1,0,1,Q_pos,0.958
Mistral,10,Collocation_verbale,1,0,1,Q_neg,0.197
Mistral,10,Contr,2,0,1,Q_pos,0.797
Mistral,10,Contr,3,0,1,Q_pos,0.732
Mistral,10,Contr,1,0,1,Q_pos,0.69
Mistral,10,Contr,2,0,1,Q_neg,0.192
Mistral,10,Contr,3,0,1,Q_neg,0.189
Mistral,10,Contr,1,0,1,Q_neg,0.182
Mistral,10,Conv-ij,2,0,1,Q_pos,0.803
Mistral,10,Conv-ij,1,0,1,Q_pos,0.762
Mistral,10,Conv-ij,3,0,1,Q_pos,0.667
Mistral,10,Conv-ij,1,0,1,Q_neg,0.194
Mistral,10,Conv-ij,2,0,1,Q_neg,0.145
Mistral,10,Conv-ij,3,0,1,Q_neg,0.078
Mistral,10,Conv-ij*,2,0,1,Q_pos,0.73
Mistral,10,Conv-ij*,1,0,1,Q_pos,0.667
Mistral,10,Conv-ij*,3,0,1,Q_pos,0.625
Mistral,10,Conv-ij*,2,0,1,Q_neg,0.525
Mistral,10,Conv-ij*,1,0,1,Q_neg,0.417
Mistral,10,Conv-ij*,3,0,1,Q_neg,0.356
Mistral,10,Dérivation_adjectivale,1,0,1,Q_pos,0.831
Mistral,10,Dérivation_adjectivale,1,0,1,Q_neg,0.167
Mistral,10,Dérivation_adverbiale,1,0,1,Q_pos,0.932
Mistral,10,Dérivation_adverbiale,1,0,1,Q_neg,0.25
Mistral,10,Dérivation_nominale,1,0,1,Q_pos,0.81
Mistral,10,Dérivation_nominale,1,0,1,Q_neg,0.262
Mistral,10,Dérivation_verbale,1,0,1,Q_pos,1.0
Mistral,10,Dérivation_verbale,1,0,1,Q_neg,0.262
Mistral,10,Epit,1,0,1,Q_pos,0.969
Mistral,10,Epit,3,0,1,Q_pos,0.969
Mistral,10,Epit,2,0,1,Q_pos,0.855
Mistral,10,Epit,3,0,1,Q_neg,0.304
Mistral,10,Epit,1,0,1,Q_neg,0.232
Mistral,10,Epit,2,0,1,Q_neg,0.07
Mistral,10,Fact0,1,0,1,Q_pos,1.0
Mistral,10,Fact0,3,0,1,Q_pos,1.0
Mistral,10,Fact0,4,0,1,Q_pos,1.0
Mistral,10,Fact0,5,0,1,Q_pos,0.984
Mistral,10,Fact0,2,0,1,Q_pos,0.934
Mistral,10,Fact0,4,0,1,Q_neg,0.237
Mistral,10,Fact0,5,0,1,Q_neg,0.167
Mistral,10,Fact0,2,0,1,Q_neg,0.098
Mistral,10,Fact0,1,0,1,Q_neg,0.082
Mistral,10,Fact0,3,0,1,Q_neg,0.034
Mistral,10,Fact1,4,0,1,Q_pos,0.812
Mistral,10,Fact1,1,0,1,Q_pos,0.8
Mistral,10,Fact1,2,0,1,Q_pos,0.8
Mistral,10,Fact1,5,0,1,Q_pos,0.774
Mistral,10,Fact1,3,0,1,Q_pos,0.742
Mistral,10,Fact1,3,0,1,Q_neg,0.167
Mistral,10,Fact1,5,0,1,Q_neg,0.167
Mistral,10,Fact1,1,0,1,Q_neg,0.161
Mistral,10,Fact1,4,0,1,Q_neg,0.049
Mistral,10,Fact1,2,0,1,Q_neg,0.032
Mistral,10,Fact2,4,0,1,Q_pos,0.875
Mistral,10,Fact2,5,0,1,Q_pos,0.871
Mistral,10,Fact2,2,0,1,Q_pos,0.852
Mistral,10,Fact2,1,0,1,Q_pos,0.841
Mistral,10,Fact2,3,0,1,Q_pos,0.778
Mistral,10,Fact2,3,0,1,Q_neg,0.389
Mistral,10,Fact2,5,0,1,Q_neg,0.283
Mistral,10,Fact2,4,0,1,Q_neg,0.259
Mistral,10,Fact2,2,0,1,Q_neg,0.119
Mistral,10,Fact2,1,0,1,Q_neg,0.117
Mistral,10,Fact_i,2,0,1,Q_pos,0.887
Mistral,10,Fact_i,1,0,1,Q_pos,0.869
Mistral,10,Fact_i,3,0,1,Q_pos,0.867
Mistral,10,Fact_i,4,0,1,Q_pos,0.85
Mistral,10,Fact_i,3,0,1,Q_neg,0.049
Mistral,10,Fact_i,1,0,1,Q_neg,0.034
Mistral,10,Fact_i,4,0,1,Q_neg,0.034
Mistral,10,Fact_i,2,0,1,Q_neg,0.017
Mistral,10,Fin,4,0,1,Q_pos,0.902
Mistral,10,Fin,1,0,1,Q_pos,0.875
Mistral,10,Fin,3,0,1,Q_pos,0.871
Mistral,10,Fin,2,0,1,Q_pos,0.857
Mistral,10,Fin,2,0,1,Q_neg,0.145
Mistral,10,Fin,1,0,1,Q_neg,0.131
Mistral,10,Fin,3,0,1,Q_neg,0.109
Mistral,10,Fin,4,0,1,Q_neg,0.092
Mistral,10,Func0,4,0,1,Q_pos,0.984
Mistral,10,Func0,3,0,1,Q_pos,0.935
Mistral,10,Func0,1,0,1,Q_pos,0.933
Mistral,10,Func0,2,0,1,Q_pos,0.9
Mistral,10,Func0,3,0,1,Q_neg,0.237
Mistral,10,Func0,2,0,1,Q_neg,0.164
Mistral,10,Func0,1,0,1,Q_neg,0.066
Mistral,10,Func0,4,0,1,Q_neg,0.032
Mistral,10,Func2,3,0,1,Q_pos,0.922
Mistral,10,Func2,1,0,1,Q_pos,0.869
Mistral,10,Func2,4,0,1,Q_pos,0.869
Mistral,10,Func2,2,0,1,Q_pos,0.833
Mistral,10,Func2,2,0,1,Q_neg,0.226
Mistral,10,Func2,3,0,1,Q_neg,0.222
Mistral,10,Func2,1,0,1,Q_neg,0.183
Mistral,10,Func2,4,0,1,Q_neg,0.048
Mistral,10,Func_i,3,0,1,Q_pos,0.954
Mistral,10,Func_i,1,0,1,Q_pos,0.938
Mistral,10,Func_i,2,0,1,Q_pos,0.869
Mistral,10,Func_i,1,0,1,Q_neg,0.21
Mistral,10,Func_i,3,0,1,Q_neg,0.2
Mistral,10,Func_i,2,0,1,Q_neg,0.063
Mistral,10,Gener,2,0,1,Q_pos,0.915
Mistral,10,Gener,3,0,1,Q_pos,0.883
Mistral,10,Gener,1,0,1,Q_pos,0.881
Mistral,10,Gener,1,0,1,Q_neg,0.308
Mistral,10,Gener,2,0,1,Q_neg,0.237
Mistral,10,Gener,3,0,1,Q_neg,0.233
Mistral,10,Incep,4,0,1,Q_pos,1.0
Mistral,10,Incep,1,0,1,Q_pos,0.968
Mistral,10,Incep,3,0,1,Q_pos,0.953
Mistral,10,Incep,2,0,1,Q_pos,0.952
Mistral,10,Incep,1,0,1,Q_neg,0.424
Mistral,10,Incep,3,0,1,Q_neg,0.273
Mistral,10,Incep,2,0,1,Q_neg,0.129
Mistral,10,Incep,4,0,1,Q_neg,0.065
Mistral,10,Instr,2,0,1,Q_pos,0.844
Mistral,10,Instr,1,0,1,Q_pos,0.797
Mistral,10,Instr,1,0,1,Q_neg,0.692
Mistral,10,Instr,2,0,1,Q_neg,0.263
Mistral,10,Labreal12,1,0,1,Q_pos,1.0
Mistral,10,Labreal12,2,0,1,Q_pos,1.0
Mistral,10,Labreal12,3,0,1,Q_pos,1.0
Mistral,10,Labreal12,4,0,1,Q_pos,1.0
Mistral,10,Labreal12,2,0,1,Q_neg,0.351
Mistral,10,Labreal12,1,0,1,Q_neg,0.19
Mistral,10,Labreal12,3,0,1,Q_neg,0.164
Mistral,10,Labreal12,4,0,1,Q_neg,0.136
Mistral,10,Liqu,1,0,1,Q_pos,1.0
Mistral,10,Liqu,3,0,1,Q_pos,1.0
Mistral,10,Liqu,4,0,1,Q_pos,0.954
Mistral,10,Liqu,2,0,1,Q_pos,0.938
Mistral,10,Liqu,4,0,1,Q_neg,0.302
Mistral,10,Liqu,2,0,1,Q_neg,0.283
Mistral,10,Liqu,1,0,1,Q_neg,0.279
Mistral,10,Liqu,3,0,1,Q_neg,0.078
Mistral,10,Loc,2,0,1,Q_pos,0.967
Mistral,10,Loc,1,0,1,Q_pos,0.864
Mistral,10,Loc,1,0,1,Q_neg,0.276
Mistral,10,Loc,2,0,1,Q_neg,0.263
Mistral,10,Magn,2,0,1,Q_pos,0.894
Mistral,10,Magn,3,0,1,Q_pos,0.892
Mistral,10,Magn,1,0,1,Q_pos,0.873
Mistral,10,Magn,3,0,1,Q_neg,0.177
Mistral,10,Magn,2,0,1,Q_neg,0.097
Mistral,10,Magn,1,0,1,Q_neg,0.06
Mistral,10,Modif_ajout_de_sens,2,0,1,Q_pos,0.984
Mistral,10,Modif_ajout_de_sens,1,0,1,Q_pos,0.951
Mistral,10,Modif_ajout_de_sens,1,0,1,Q_neg,0.2
Mistral,10,Modif_ajout_de_sens,2,0,1,Q_neg,0.075
Mistral,10,Modif_sens_vide,1,0,1,Q_pos,0.906
Mistral,10,Modif_sens_vide,2,0,1,Q_pos,0.873
Mistral,10,Modif_sens_vide,2,0,1,Q_neg,0.061
Mistral,10,Modif_sens_vide,1,0,1,Q_neg,0.032
Mistral,10,Modificateur,1,0,1,Q_pos,0.97
Mistral,10,Modificateur,1,0,1,Q_neg,0.147
Mistral,10,Mult,1,0,1,Q_pos,0.879
Mistral,10,Mult,2,0,1,Q_pos,0.877
Mistral,10,Mult,2,0,1,Q_neg,0.241
Mistral,10,Mult,1,0,1,Q_neg,0.203
Mistral,10,N_dériv_ajout_de_sens,2,0,1,Q_pos,0.95
Mistral,10,N_dériv_ajout_de_sens,1,0,1,Q_pos,0.898
Mistral,10,N_dériv_ajout_de_sens,2,0,1,Q_neg,0.15
Mistral,10,N_dériv_ajout_de_sens,1,0,1,Q_neg,0.105
Mistral,10,N_dériv_circonstancielle,3,0,1,Q_pos,1.0
Mistral,10,N_dériv_circonstancielle,1,0,1,Q_pos,0.966
Mistral,10,N_dériv_circonstancielle,2,0,1,Q_pos,0.952
Mistral,10,N_dériv_circonstancielle,3,0,1,Q_neg,0.254
Mistral,10,N_dériv_circonstancielle,2,0,1,Q_neg,0.25
Mistral,10,N_dériv_circonstancielle,1,0,1,Q_neg,0.167
Mistral,10,Nom_gouverneur,1,0,1,Q_pos,0.839
Mistral,10,Nom_gouverneur,1,0,1,Q_neg,0.145
Mistral,10,Oper1,4,0,1,Q_pos,0.985
Mistral,10,Oper1,1,0,1,Q_pos,0.841
Mistral,10,Oper1,2,0,1,Q_pos,0.841
Mistral,10,Oper1,3,0,1,Q_pos,0.836
Mistral,10,Oper1,1,0,1,Q_neg,0.3
Mistral,10,Oper1,3,0,1,Q_neg,0.186
Mistral,10,Oper1,4,0,1,Q_neg,0.109
Mistral,10,Oper1,2,0,1,Q_neg,0.077
Mistral,10,Oper2,4,0,1,Q_pos,0.95
Mistral,10,Oper2,2,0,1,Q_pos,0.864
Mistral,10,Oper2,3,0,1,Q_pos,0.85
Mistral,10,Oper2,1,0,1,Q_pos,0.841
Mistral,10,Oper2,3,0,1,Q_neg,0.305
Mistral,10,Oper2,1,0,1,Q_neg,0.231
Mistral,10,Oper2,4,0,1,Q_neg,0.215
Mistral,10,Oper2,2,0,1,Q_neg,0.047
Mistral,10,Oper_i,3,0,1,Q_pos,1.0
Mistral,10,Oper_i,1,0,1,Q_pos,0.938
Mistral,10,Oper_i,2,0,1,Q_pos,0.917
Mistral,10,Oper_i,2,0,1,Q_neg,0.271
Mistral,10,Oper_i,1,0,1,Q_neg,0.113
Mistral,10,Oper_i,3,0,1,Q_neg,0.1
Mistral,10,Pred,3,0,1,Q_pos,0.938
Mistral,10,Pred,1,0,1,Q_pos,0.925
Mistral,10,Pred,2,0,1,Q_pos,0.917
Mistral,10,Pred,3,0,1,Q_neg,0.106
Mistral,10,Pred,2,0,1,Q_neg,0.039
Mistral,10,Pred,1,0,1,Q_neg,0.015
Mistral,10,Qual1,4,0,1,Q_pos,0.948
Mistral,10,Qual1,1,0,1,Q_pos,0.931
Mistral,10,Qual1,3,0,1,Q_pos,0.917
Mistral,10,Qual1,2,0,1,Q_pos,0.903
Mistral,10,Qual1,3,0,1,Q_neg,0.178
Mistral,10,Qual1,1,0,1,Q_neg,0.117
Mistral,10,Qual1,4,0,1,Q_neg,0.115
Mistral,10,Qual1,2,0,1,Q_neg,0.101
Mistral,10,Real1,3,0,1,Q_pos,0.848
Mistral,10,Real1,5,0,1,Q_pos,0.839
Mistral,10,Real1,4,0,1,Q_pos,0.823
Mistral,10,Real1,1,0,1,Q_pos,0.742
Mistral,10,Real1,2,0,1,Q_pos,0.717
Mistral,10,Real1,1,0,1,Q_neg,0.41
Mistral,10,Real1,4,0,1,Q_neg,0.254
Mistral,10,Real1,3,0,1,Q_neg,0.237
Mistral,10,Real1,5,0,1,Q_neg,0.203
Mistral,10,Real1,2,0,1,Q_neg,0.156
Mistral,10,Real2,3,0,1,Q_pos,0.754
Mistral,10,Real2,2,0,1,Q_pos,0.721
Mistral,10,Real2,5,0,1,Q_pos,0.705
Mistral,10,Real2,1,0,1,Q_pos,0.661
Mistral,10,Real2,4,0,1,Q_pos,0.623
Mistral,10,Real2,3,0,1,Q_neg,0.203
Mistral,10,Real2,5,0,1,Q_neg,0.18
Mistral,10,Real2,1,0,1,Q_neg,0.175
Mistral,10,Real2,2,0,1,Q_neg,0.063
Mistral,10,Real2,4,0,1,Q_neg,0.016
Mistral,10,Real3,1,0,1,Q_pos,0.984
Mistral,10,Real3,3,0,1,Q_pos,0.984
Mistral,10,Real3,2,0,1,Q_pos,0.969
Mistral,10,Real3,5,0,1,Q_pos,0.969
Mistral,10,Real3,4,0,1,Q_pos,0.919
Mistral,10,Real3,5,0,1,Q_neg,0.407
Mistral,10,Real3,2,0,1,Q_neg,0.2
Mistral,10,Real3,4,0,1,Q_neg,0.197
Mistral,10,Real3,1,0,1,Q_neg,0.092
Mistral,10,Real3,3,0,1,Q_neg,0.016
Mistral,10,Real_i,2,0,1,Q_pos,0.814
Mistral,10,Real_i,3,0,1,Q_pos,0.803
Mistral,10,Real_i,1,0,1,Q_pos,0.776
Mistral,10,Real_i,4,0,1,Q_pos,0.754
Mistral,10,Real_i,2,0,1,Q_neg,0.242
Mistral,10,Real_i,3,0,1,Q_neg,0.227
Mistral,10,Real_i,4,0,1,Q_neg,0.164
Mistral,10,Real_i,1,0,1,Q_neg,0.04
Mistral,10,RealΩ,3,0,1,Q_pos,0.919
Mistral,10,RealΩ,5,0,1,Q_pos,0.902
Mistral,10,RealΩ,4,0,1,Q_pos,0.898
Mistral,10,RealΩ,2,0,1,Q_pos,0.881
Mistral,10,RealΩ,1,0,1,Q_pos,0.776
Mistral,10,RealΩ,4,0,1,Q_neg,0.31
Mistral,10,RealΩ,5,0,1,Q_neg,0.203
Mistral,10,RealΩ,3,0,1,Q_neg,0.186
Mistral,10,RealΩ,1,0,1,Q_neg,0.167
Mistral,10,RealΩ,2,0,1,Q_neg,0.1
Mistral,10,Redun,1,0,1,Q_pos,0.965
Mistral,10,Redun,3,0,1,Q_pos,0.932
Mistral,10,Redun,2,0,1,Q_pos,0.93
Mistral,10,Redun,3,0,1,Q_neg,0.2
Mistral,10,Redun,1,0,1,Q_neg,0.185
Mistral,10,Redun,2,0,1,Q_neg,0.164
Mistral,10,Result2,2,0,1,Q_pos,0.944
Mistral,10,Result2,1,0,1,Q_pos,0.904
Mistral,10,Result2,1,0,1,Q_neg,0.348
Mistral,10,Result2,2,0,1,Q_neg,0.013
Mistral,10,S0,1,0,1,Q_pos,1.0
Mistral,10,S0,2,0,1,Q_pos,1.0
Mistral,10,S0,2,0,1,Q_neg,0.133
Mistral,10,S0,1,0,1,Q_neg,0.095
Mistral,10,S1,4,0,1,Q_pos,0.973
Mistral,10,S1,1,0,1,Q_pos,0.947
Mistral,10,S1,2,0,1,Q_pos,0.918
Mistral,10,S1,3,0,1,Q_pos,0.908
Mistral,10,S1,1,0,1,Q_neg,0.258
Mistral,10,S1,3,0,1,Q_neg,0.219
Mistral,10,S1,4,0,1,Q_neg,0.138
Mistral,10,S1,2,0,1,Q_neg,0.136
Mistral,10,S2,3,0,1,Q_pos,0.934
Mistral,10,S2,1,0,1,Q_pos,0.902
Mistral,10,S2,4,0,1,Q_pos,0.871
Mistral,10,S2,2,0,1,Q_pos,0.852
Mistral,10,S2,1,0,1,Q_neg,0.152
Mistral,10,S2,2,0,1,Q_neg,0.143
Mistral,10,S2,3,0,1,Q_neg,0.097
Mistral,10,S2,4,0,1,Q_neg,0.0
Mistral,10,S3,3,0,1,Q_pos,0.903
Mistral,10,S3,1,0,1,Q_pos,0.844
Mistral,10,S3,2,0,1,Q_pos,0.815
Mistral,10,S3,4,0,1,Q_pos,0.776
Mistral,10,S3,3,0,1,Q_neg,0.246
Mistral,10,S3,1,0,1,Q_neg,0.194
Mistral,10,S3,2,0,1,Q_neg,0.188
Mistral,10,S3,4,0,1,Q_neg,0.162
Mistral,10,S_i,1,0,1,Q_pos,0.794
Mistral,10,S_i,2,0,1,Q_pos,0.758
Mistral,10,S_i,3,0,1,Q_pos,0.683
Mistral,10,S_i,3,0,1,Q_neg,0.175
Mistral,10,S_i,1,0,1,Q_neg,0.105
Mistral,10,S_i,2,0,1,Q_neg,0.06
Mistral,10,Sing,3,0,1,Q_pos,0.984
Mistral,10,Sing,2,0,1,Q_pos,0.951
Mistral,10,Sing,1,0,1,Q_pos,0.933
Mistral,10,Sing,1,0,1,Q_neg,0.403
Mistral,10,Sing,2,0,1,Q_neg,0.113
Mistral,10,Sing,3,0,1,Q_neg,0.098
Mistral,10,Singulier,1,0,1,Q_pos,1.0
Mistral,10,Singulier,2,0,1,Q_pos,1.0
Mistral,10,Singulier,2,0,1,Q_neg,0.254
Mistral,10,Singulier,1,0,1,Q_neg,0.0
Mistral,10,Sinstr,1,0,1,Q_pos,0.937
Mistral,10,Sinstr,4,0,1,Q_pos,0.908
Mistral,10,Sinstr,3,0,1,Q_pos,0.875
Mistral,10,Sinstr,2,0,1,Q_pos,0.873
Mistral,10,Sinstr,4,0,1,Q_neg,0.305
Mistral,10,Sinstr,2,0,1,Q_neg,0.237
Mistral,10,Sinstr,1,0,1,Q_neg,0.226
Mistral,10,Sinstr,3,0,1,Q_neg,0.109
Mistral,10,Sloc,3,0,1,Q_pos,0.933
Mistral,10,Sloc,1,0,1,Q_pos,0.932
Mistral,10,Sloc,2,0,1,Q_pos,0.9
Mistral,10,Sloc,4,0,1,Q_pos,0.9
Mistral,10,Sloc,1,0,1,Q_neg,0.295
Mistral,10,Sloc,4,0,1,Q_neg,0.259
Mistral,10,Sloc,2,0,1,Q_neg,0.23
Mistral,10,Sloc,3,0,1,Q_neg,0.015
Mistral,10,Sres,2,0,1,Q_pos,1.0
Mistral,10,Sres,3,0,1,Q_pos,1.0
Mistral,10,Sres,4,0,1,Q_pos,1.0
Mistral,10,Sres,1,0,1,Q_pos,0.987
Mistral,10,Sres,1,0,1,Q_neg,0.258
Mistral,10,Sres,2,0,1,Q_neg,0.186
Mistral,10,Sres,3,0,1,Q_neg,0.164
Mistral,10,Sres,4,0,1,Q_neg,0.083
Mistral,10,Subst_sens_opposé,2,0,1,Q_pos,0.661
Mistral,10,Subst_sens_opposé,1,0,1,Q_pos,0.633
Mistral,10,Subst_sens_opposé,1,0,1,Q_neg,0.339
Mistral,10,Subst_sens_opposé,2,0,1,Q_neg,0.111
Mistral,10,Subst_sens_similaire,1,0,1,Q_pos,0.918
Mistral,10,Subst_sens_similaire,2,0,1,Q_pos,0.855
Mistral,10,Subst_sens_similaire,1,0,1,Q_neg,0.561
Mistral,10,Subst_sens_similaire,2,0,1,Q_neg,0.1
Mistral,10,Substitutive,1,0,1,Q_pos,0.759
Mistral,10,Substitutive,1,0,1,Q_neg,0.091
Mistral,10,Syn,3,0,1,Q_pos,0.831
Mistral,10,Syn,2,0,1,Q_pos,0.794
Mistral,10,Syn,1,0,1,Q_pos,0.787
Mistral,10,Syn,2,0,1,Q_neg,0.279
Mistral,10,Syn,1,0,1,Q_neg,0.19
Mistral,10,Syn,3,0,1,Q_neg,0.085
Mistral,10,V0,1,0,1,Q_pos,1.0
Mistral,10,V0,2,0,1,Q_pos,1.0
Mistral,10,V0,3,0,1,Q_pos,1.0
Mistral,10,V0,1,0,1,Q_neg,0.429
Mistral,10,V0,2,0,1,Q_neg,0.387
Mistral,10,V0,3,0,1,Q_neg,0.2
Mistral,10,V_collocation_ajout_de_sens,2,0,1,Q_pos,0.968
Mistral,10,V_collocation_ajout_de_sens,1,0,1,Q_pos,0.881
Mistral,10,V_collocation_ajout_de_sens,2,0,1,Q_neg,0.148
Mistral,10,V_collocation_ajout_de_sens,1,0,1,Q_neg,0.0
Mistral,10,V_dériv_sens_vide,2,0,1,Q_pos,0.938
Mistral,10,V_dériv_sens_vide,1,0,1,Q_pos,0.884
Mistral,10,V_dériv_sens_vide,1,0,1,Q_neg,0.258
Mistral,10,V_dériv_sens_vide,2,0,1,Q_neg,0.213
Mistral,10,Ver,2,0,1,Q_pos,0.984
Mistral,10,Ver,1,0,1,Q_pos,0.956
Mistral,10,Ver,3,0,1,Q_pos,0.875
Mistral,10,Ver,1,0,1,Q_neg,0.203
Mistral,10,Ver,3,0,1,Q_neg,0.153
Mistral,10,Ver,2,0,1,Q_neg,0.067
Mistral,10,Verbe_support,2,0,1,Q_pos,0.94
Mistral,10,Verbe_support,1,0,1,Q_pos,0.939
Mistral,10,Verbe_support,2,0,1,Q_neg,0.345
Mistral,10,Verbe_support,1,0,1,Q_neg,0.097
Mistral,10,Verbes_causatifs,1,0,1,Q_pos,0.897
Mistral,10,Verbes_causatifs,2,0,1,Q_pos,0.828
Mistral,10,Verbes_causatifs,3,0,1,Q_pos,0.807
Mistral,10,Verbes_causatifs,3,0,1,Q_neg,0.393
Mistral,10,Verbes_causatifs,1,0,1,Q_neg,0.22
Mistral,10,Verbes_causatifs,2,0,1,Q_neg,0.148
Mistral,10,Verbes_de_phase,1,0,1,Q_pos,0.939
Mistral,10,Verbes_de_phase,2,0,1,Q_pos,0.937
Mistral,10,Verbes_de_phase,3,0,1,Q_pos,0.879
Mistral,10,Verbes_de_phase,3,0,1,Q_neg,0.279
Mistral,10,Verbes_de_phase,1,0,1,Q_neg,0.222
Mistral,10,Verbes_de_phase,2,0,1,Q_neg,0.049
Mistral,10,Vreal,1,0,1,Q_pos,1.0
Mistral,10,Vreal,3,0,1,Q_pos,0.966
Mistral,10,Vreal,2,0,1,Q_pos,0.935
Mistral,10,Vreal,3,0,1,Q_neg,0.263
Mistral,10,Vreal,1,0,1,Q_neg,0.179
Mistral,10,Vreal,2,0,1,Q_neg,0.153
Qwen,10,A0,2,0,1,Q_neg,0.9
Qwen,10,A0,1,0,1,Q_neg,0.85
Qwen,10,A0,2,0,1,Q_pos,0.62
Qwen,10,A0,1,0,1,Q_pos,0.6
Qwen,10,A1,1,0,1,Q_neg,0.98
Qwen,10,A1,4,0,1,Q_neg,0.88
Qwen,10,A1,2,0,1,Q_neg,0.85
Qwen,10,A1,3,0,1,Q_neg,0.84
Qwen,10,A1,4,0,1,Q_pos,0.45
Qwen,10,A1,2,0,1,Q_pos,0.41
Qwen,10,A1,1,0,1,Q_pos,0.33
Qwen,10,A1,3,0,1,Q_pos,0.32
Qwen,10,A2,4,0,1,Q_neg,0.92
Qwen,10,A2,2,0,1,Q_neg,0.9
Qwen,10,A2,3,0,1,Q_neg,0.85
Qwen,10,A2,1,0,1,Q_neg,0.75
Qwen,10,A2,4,0,1,Q_pos,0.4
Qwen,10,A2,3,0,1,Q_pos,0.3
Qwen,10,A2,1,0,1,Q_pos,0.23
Qwen,10,A2,2,0,1,Q_pos,0.2
Qwen,10,A_dériv_ajout_de_sens,2,0,1,Q_neg,0.95
Qwen,10,A_dériv_ajout_de_sens,1,0,1,Q_neg,0.75
Qwen,10,A_dériv_ajout_de_sens,2,0,1,Q_pos,0.44
Qwen,10,A_dériv_ajout_de_sens,1,0,1,Q_pos,0.34
Qwen,10,A_dériv_qualificative,3,0,1,Q_neg,0.95
Qwen,10,A_dériv_qualificative,1,0,1,Q_neg,0.76
Qwen,10,A_dériv_qualificative,2,0,1,Q_neg,0.65
Qwen,10,A_dériv_qualificative,3,0,1,Q_pos,0.63
Qwen,10,A_dériv_qualificative,1,0,1,Q_pos,0.6
Qwen,10,A_dériv_qualificative,2,0,1,Q_pos,0.44
Qwen,10,A_i,3,0,1,Q_neg,0.9
Qwen,10,A_i,1,0,1,Q_neg,0.88
Qwen,10,A_i,2,0,1,Q_neg,0.88
Qwen,10,A_i,3,0,1,Q_pos,0.5
Qwen,10,A_i,2,0,1,Q_pos,0.45
Qwen,10,A_i,1,0,1,Q_pos,0.4
Qwen,10,Able1,2,0,1,Q_neg,0.89
Qwen,10,Able1,4,0,1,Q_neg,0.82
Qwen,10,Able1,3,0,1,Q_neg,0.78
Qwen,10,Able1,5,0,1,Q_neg,0.75
Qwen,10,Able1,1,0,1,Q_neg,0.68
Qwen,10,Able1,5,0,1,Q_pos,0.49
Qwen,10,Able1,3,0,1,Q_pos,0.42
Qwen,10,Able1,2,0,1,Q_pos,0.4
Qwen,10,Able1,4,0,1,Q_pos,0.35
Qwen,10,Able1,1,0,1,Q_pos,0.32
Qwen,10,Able2,3,0,1,Q_neg,1.0
Qwen,10,Able2,2,0,1,Q_neg,0.95
Qwen,10,Able2,5,0,1,Q_neg,0.9
Qwen,10,Able2,4,0,1,Q_neg,0.8
Qwen,10,Able2,5,0,1,Q_pos,0.75
Qwen,10,Able2,3,0,1,Q_pos,0.7
Qwen,10,Able2,1,0,1,Q_neg,0.65
Qwen,10,Able2,2,0,1,Q_pos,0.65
Qwen,10,Able2,1,0,1,Q_pos,0.6
Qwen,10,Able2,4,0,1,Q_pos,0.6
Qwen,10,Able_i,1,0,1,Q_neg,1.0
Qwen,10,Able_i,2,0,1,Q_neg,1.0
Qwen,10,Able_i,4,0,1,Q_neg,0.93
Qwen,10,Able_i,3,0,1,Q_neg,0.79
Qwen,10,Able_i,2,0,1,Q_pos,0.62
Qwen,10,Able_i,3,0,1,Q_pos,0.6
Qwen,10,Able_i,1,0,1,Q_pos,0.55
Qwen,10,Able_i,4,0,1,Q_pos,0.55
Qwen,10,Adv0,1,0,1,Q_neg,1.0
Qwen,10,Adv0,2,0,1,Q_neg,0.97
Qwen,10,Adv0,2,0,1,Q_pos,0.8
Qwen,10,Adv0,1,0,1,Q_pos,0.67
Qwen,10,Adv1,2,0,1,Q_pos,0.9
Qwen,10,Adv1,1,0,1,Q_neg,0.89
Qwen,10,Adv1,2,0,1,Q_neg,0.75
Qwen,10,Adv1,1,0,1,Q_pos,0.38
Qwen,10,Anti,2,0,1,Q_neg,1.0
Qwen,10,Anti,3,0,1,Q_neg,1.0
Qwen,10,Anti,1,0,1,Q_neg,0.95
Qwen,10,Anti,3,0,1,Q_pos,0.9
Qwen,10,Anti,1,0,1,Q_pos,0.85
Qwen,10,Anti,2,0,1,Q_pos,0.85
Qwen,10,Bon,3,0,1,Q_neg,0.91
Qwen,10,Bon,2,0,1,Q_neg,0.88
Qwen,10,Bon,1,0,1,Q_neg,0.85
Qwen,10,Bon,3,0,1,Q_pos,0.63
Qwen,10,Bon,2,0,1,Q_pos,0.55
Qwen,10,Bon,1,0,1,Q_pos,0.52
Qwen,10,Cap,1,0,1,Q_neg,1.0
Qwen,10,Cap,2,0,1,Q_neg,1.0
Qwen,10,Cap,3,0,1,Q_neg,1.0
Qwen,10,Cap,2,0,1,Q_pos,0.77
Qwen,10,Cap,1,0,1,Q_pos,0.75
Qwen,10,Cap,3,0,1,Q_pos,0.72
Qwen,10,Caus,4,0,1,Q_neg,0.92
Qwen,10,Caus,1,0,1,Q_neg,0.84
Qwen,10,Caus,2,0,1,Q_neg,0.75
Qwen,10,Caus,3,0,1,Q_neg,0.73
Qwen,10,Caus,4,0,1,Q_pos,0.5
Qwen,10,Caus,2,0,1,Q_pos,0.4
Qwen,10,Caus,1,0,1,Q_pos,0.35
Qwen,10,Caus,3,0,1,Q_pos,0.35
Qwen,10,Colloc_préposition,1,0,1,Q_neg,1.0
Qwen,10,Colloc_préposition,1,0,1,Q_pos,0.69
Qwen,10,Collocation_verbale,1,0,1,Q_neg,1.0
Qwen,10,Collocation_verbale,1,0,1,Q_pos,0.66
Qwen,10,Contr,3,0,1,Q_neg,0.94
Qwen,10,Contr,2,0,1,Q_neg,0.76
Qwen,10,Contr,3,0,1,Q_pos,0.51
Qwen,10,Contr,1,0,1,Q_pos,0.45
Qwen,10,Contr,2,0,1,Q_pos,0.45
Qwen,10,Contr,1,0,1,Q_neg,0.44
Qwen,10,Conv-ij,3,0,1,Q_neg,0.95
Qwen,10,Conv-ij,2,0,1,Q_neg,0.94
Qwen,10,Conv-ij,1,0,1,Q_neg,0.91
Qwen,10,Conv-ij,2,0,1,Q_pos,0.1
Qwen,10,Conv-ij,3,0,1,Q_pos,0.1
Qwen,10,Conv-ij,1,0,1,Q_pos,0.06
Qwen,10,Conv-ij*,3,0,1,Q_neg,1.0
Qwen,10,Conv-ij*,2,0,1,Q_neg,0.95
Qwen,10,Conv-ij*,1,0,1,Q_neg,0.85
Qwen,10,Conv-ij*,2,0,1,Q_pos,0.16
Qwen,10,Conv-ij*,1,0,1,Q_pos,0.12
Qwen,10,Conv-ij*,3,0,1,Q_pos,0.04
Qwen,10,Dérivation_adjectivale,1,0,1,Q_neg,1.0
Qwen,10,Dérivation_adjectivale,1,0,1,Q_pos,0.62
Qwen,10,Dérivation_adverbiale,1,0,1,Q_neg,1.0
Qwen,10,Dérivation_adverbiale,1,0,1,Q_pos,0.9
Qwen,10,Dérivation_nominale,1,0,1,Q_neg,0.95
Qwen,10,Dérivation_nominale,1,0,1,Q_pos,0.25
Qwen,10,Dérivation_verbale,1,0,1,Q_neg,1.0
Qwen,10,Dérivation_verbale,1,0,1,Q_pos,0.55
Qwen,10,Epit,3,0,1,Q_neg,1.0
Qwen,10,Epit,1,0,1,Q_neg,0.98
Qwen,10,Epit,2,0,1,Q_neg,0.74
Qwen,10,Epit,1,0,1,Q_pos,0.47
Qwen,10,Epit,3,0,1,Q_pos,0.42
Qwen,10,Epit,2,0,1,Q_pos,0.41
Qwen,10,Fact0,2,0,1,Q_neg,1.0
Qwen,10,Fact0,5,0,1,Q_neg,1.0
Qwen,10,Fact0,1,0,1,Q_neg,0.99
Qwen,10,Fact0,3,0,1,Q_neg,0.95
Qwen,10,Fact0,4,0,1,Q_neg,0.9
Qwen,10,Fact0,5,0,1,Q_pos,0.24
Qwen,10,Fact0,1,0,1,Q_pos,0.2
Qwen,10,Fact0,4,0,1,Q_pos,0.2
Qwen,10,Fact0,3,0,1,Q_pos,0.17
Qwen,10,Fact0,2,0,1,Q_pos,0.15
Qwen,10,Fact1,3,0,1,Q_neg,1.0
Qwen,10,Fact1,5,0,1,Q_neg,1.0
Qwen,10,Fact1,1,0,1,Q_neg,0.95
Qwen,10,Fact1,4,0,1,Q_neg,0.95
Qwen,10,Fact1,2,0,1,Q_neg,0.9
Qwen,10,Fact1,2,0,1,Q_pos,0.3
Qwen,10,Fact1,3,0,1,Q_pos,0.28
Qwen,10,Fact1,5,0,1,Q_pos,0.27
Qwen,10,Fact1,1,0,1,Q_pos,0.23
Qwen,10,Fact1,4,0,1,Q_pos,0.21
Qwen,10,Fact2,4,0,1,Q_neg,1.0
Qwen,10,Fact2,1,0,1,Q_neg,0.9
Qwen,10,Fact2,5,0,1,Q_neg,0.9
Qwen,10,Fact2,2,0,1,Q_neg,0.85
Qwen,10,Fact2,3,0,1,Q_neg,0.85
Qwen,10,Fact2,1,0,1,Q_pos,0.34
Qwen,10,Fact2,5,0,1,Q_pos,0.34
Qwen,10,Fact2,2,0,1,Q_pos,0.32
Qwen,10,Fact2,3,0,1,Q_pos,0.3
Qwen,10,Fact2,4,0,1,Q_pos,0.27
Qwen,10,Fact_i,2,0,1,Q_neg,0.91
Qwen,10,Fact_i,1,0,1,Q_neg,0.85
Qwen,10,Fact_i,3,0,1,Q_neg,0.84
Qwen,10,Fact_i,4,0,1,Q_neg,0.83
Qwen,10,Fact_i,2,0,1,Q_pos,0.35
Qwen,10,Fact_i,1,0,1,Q_pos,0.32
Qwen,10,Fact_i,4,0,1,Q_pos,0.26
Qwen,10,Fact_i,3,0,1,Q_pos,0.2
Qwen,10,Fin,1,0,1,Q_neg,1.0
Qwen,10,Fin,3,0,1,Q_neg,1.0
Qwen,10,Fin,4,0,1,Q_neg,1.0
Qwen,10,Fin,2,0,1,Q_neg,0.96
Qwen,10,Fin,3,0,1,Q_pos,0.38
Qwen,10,Fin,4,0,1,Q_pos,0.37
Qwen,10,Fin,2,0,1,Q_pos,0.36
Qwen,10,Fin,1,0,1,Q_pos,0.28
Qwen,10,Func0,4,0,1,Q_neg,1.0
Qwen,10,Func0,2,0,1,Q_neg,0.99
Qwen,10,Func0,1,0,1,Q_neg,0.95
Qwen,10,Func0,3,0,1,Q_neg,0.95
Qwen,10,Func0,2,0,1,Q_pos,0.2
Qwen,10,Func0,4,0,1,Q_pos,0.19
Qwen,10,Func0,1,0,1,Q_pos,0.18
Qwen,10,Func0,3,0,1,Q_pos,0.15
Qwen,10,Func2,4,0,1,Q_neg,0.99
Qwen,10,Func2,3,0,1,Q_neg,0.93
Qwen,10,Func2,1,0,1,Q_neg,0.91
Qwen,10,Func2,2,0,1,Q_neg,0.88
Qwen,10,Func2,2,0,1,Q_pos,0.2
Qwen,10,Func2,3,0,1,Q_pos,0.14
Qwen,10,Func2,1,0,1,Q_pos,0.08
Qwen,10,Func2,4,0,1,Q_pos,0.06
Qwen,10,Func_i,1,0,1,Q_neg,0.95
Qwen,10,Func_i,2,0,1,Q_neg,0.95
Qwen,10,Func_i,3,0,1,Q_neg,0.93
Qwen,10,Func_i,3,0,1,Q_pos,0.14
Qwen,10,Func_i,1,0,1,Q_pos,0.1
Qwen,10,Func_i,2,0,1,Q_pos,0.1
Qwen,10,Gener,3,0,1,Q_neg,1.0
Qwen,10,Gener,2,0,1,Q_neg,0.95
Qwen,10,Gener,1,0,1,Q_neg,0.94
Qwen,10,Gener,1,0,1,Q_pos,0.61
Qwen,10,Gener,3,0,1,Q_pos,0.6
Qwen,10,Gener,2,0,1,Q_pos,0.57
Qwen,10,Incep,3,0,1,Q_neg,1.0
Qwen,10,Incep,4,0,1,Q_neg,1.0
Qwen,10,Incep,1,0,1,Q_neg,0.95
Qwen,10,Incep,2,0,1,Q_neg,0.95
Qwen,10,Incep,4,0,1,Q_pos,0.41
Qwen,10,Incep,2,0,1,Q_pos,0.4
Qwen,10,Incep,1,0,1,Q_pos,0.35
Qwen,10,Incep,3,0,1,Q_pos,0.35
Qwen,10,Instr,2,0,1,Q_neg,1.0
Qwen,10,Instr,1,0,1,Q_neg,0.98
Qwen,10,Instr,2,0,1,Q_pos,0.65
Qwen,10,Instr,1,0,1,Q_pos,0.55
Qwen,10,Labreal12,1,0,1,Q_neg,0.95
Qwen,10,Labreal12,3,0,1,Q_neg,0.92
Qwen,10,Labreal12,2,0,1,Q_neg,0.9
Qwen,10,Labreal12,4,0,1,Q_neg,0.85
Qwen,10,Labreal12,4,0,1,Q_pos,0.36
Qwen,10,Labreal12,3,0,1,Q_pos,0.3
Qwen,10,Labreal12,2,0,1,Q_pos,0.29
Qwen,10,Labreal12,1,0,1,Q_pos,0.24
Qwen,10,Liqu,4,0,1,Q_neg,1.0
Qwen,10,Liqu,1,0,1,Q_neg,0.97
Qwen,10,Liqu,2,0,1,Q_neg,0.95
Qwen,10,Liqu,3,0,1,Q_neg,0.95
Qwen,10,Liqu,1,0,1,Q_pos,0.54
Qwen,10,Liqu,4,0,1,Q_pos,0.53
Qwen,10,Liqu,3,0,1,Q_pos,0.45
Qwen,10,Liqu,2,0,1,Q_pos,0.44
Qwen,10,Loc,1,0,1,Q_neg,0.97
Qwen,10,Loc,2,0,1,Q_neg,0.9
Qwen,10,Loc,2,0,1,Q_pos,0.53
Qwen,10,Loc,1,0,1,Q_pos,0.45
Qwen,10,Magn,3,0,1,Q_neg,0.86
Qwen,10,Magn,1,0,1,Q_neg,0.65
Qwen,10,Magn,2,0,1,Q_neg,0.65
Qwen,10,Magn,3,0,1,Q_pos,0.46
Qwen,10,Magn,2,0,1,Q_pos,0.45
Qwen,10,Magn,1,0,1,Q_pos,0.4
Qwen,10,Modif_ajout_de_sens,1,0,1,Q_neg,0.9
Qwen,10,Modif_ajout_de_sens,2,0,1,Q_neg,0.88
Qwen,10,Modif_ajout_de_sens,1,0,1,Q_pos,0.52
Qwen,10,Modif_ajout_de_sens,2,0,1,Q_pos,0.51
Qwen,10,Modif_sens_vide,2,0,1,Q_neg,1.0
Qwen,10,Modif_sens_vide,1,0,1,Q_neg,0.83
Qwen,10,Modif_sens_vide,2,0,1,Q_pos,0.3
Qwen,10,Modif_sens_vide,1,0,1,Q_pos,0.14
Qwen,10,Modificateur,1,0,1,Q_neg,1.0
Qwen,10,Modificateur,1,0,1,Q_pos,0.45
Qwen,10,Mult,1,0,1,Q_neg,1.0
Qwen,10,Mult,2,0,1,Q_neg,1.0
Qwen,10,Mult,2,0,1,Q_pos,0.3
Qwen,10,Mult,1,0,1,Q_pos,0.29
Qwen,10,N_dériv_ajout_de_sens,2,0,1,Q_neg,0.9
Qwen,10,N_dériv_ajout_de_sens,1,0,1,Q_neg,0.78
Qwen,10,N_dériv_ajout_de_sens,2,0,1,Q_pos,0.23
Qwen,10,N_dériv_ajout_de_sens,1,0,1,Q_pos,0.17
Qwen,10,N_dériv_circonstancielle,3,0,1,Q_neg,0.93
Qwen,10,N_dériv_circonstancielle,1,0,1,Q_neg,0.9
Qwen,10,N_dériv_circonstancielle,2,0,1,Q_neg,0.9
Qwen,10,N_dériv_circonstancielle,3,0,1,Q_pos,0.47
Qwen,10,N_dériv_circonstancielle,1,0,1,Q_pos,0.4
Qwen,10,N_dériv_circonstancielle,2,0,1,Q_pos,0.32
Qwen,10,Nom_gouverneur,1,0,1,Q_neg,1.0
Qwen,10,Nom_gouverneur,1,0,1,Q_pos,0.31
Qwen,10,Oper1,4,0,1,Q_neg,1.0
Qwen,10,Oper1,1,0,1,Q_neg,0.95
Qwen,10,Oper1,3,0,1,Q_neg,0.92
Qwen,10,Oper1,2,0,1,Q_neg,0.9
Qwen,10,Oper1,3,0,1,Q_pos,0.25
Qwen,10,Oper1,4,0,1,Q_pos,0.24
Qwen,10,Oper1,2,0,1,Q_pos,0.2
Qwen,10,Oper1,1,0,1,Q_pos,0.18
Qwen,10,Oper2,4,0,1,Q_neg,1.0
Qwen,10,Oper2,1,0,1,Q_neg,0.88
Qwen,10,Oper2,3,0,1,Q_neg,0.86
Qwen,10,Oper2,2,0,1,Q_neg,0.81
Qwen,10,Oper2,4,0,1,Q_pos,0.3
Qwen,10,Oper2,2,0,1,Q_pos,0.25
Qwen,10,Oper2,3,0,1,Q_pos,0.25
Qwen,10,Oper2,1,0,1,Q_pos,0.2
Qwen,10,Oper_i,1,0,1,Q_neg,1.0
Qwen,10,Oper_i,2,0,1,Q_neg,0.92
Qwen,10,Oper_i,3,0,1,Q_neg,0.92
Qwen,10,Oper_i,3,0,1,Q_pos,0.25
Qwen,10,Oper_i,1,0,1,Q_pos,0.12
Qwen,10,Oper_i,2,0,1,Q_pos,0.12
Qwen,10,Pred,1,0,1,Q_neg,1.0
Qwen,10,Pred,3,0,1,Q_neg,1.0
Qwen,10,Pred,2,0,1,Q_neg,0.99
Qwen,10,Pred,1,0,1,Q_pos,0.6
Qwen,10,Pred,3,0,1,Q_pos,0.6
Qwen,10,Pred,2,0,1,Q_pos,0.5
Qwen,10,Qual1,4,0,1,Q_neg,0.93
Qwen,10,Qual1,1,0,1,Q_neg,0.85
Qwen,10,Qual1,3,0,1,Q_neg,0.78
Qwen,10,Qual1,2,0,1,Q_neg,0.72
Qwen,10,Qual1,4,0,1,Q_pos,0.31
Qwen,10,Qual1,2,0,1,Q_pos,0.26
Qwen,10,Qual1,3,0,1,Q_pos,0.25
Qwen,10,Qual1,1,0,1,Q_pos,0.2
Qwen,10,Real1,1,0,1,Q_neg,0.95
Qwen,10,Real1,2,0,1,Q_neg,0.95
Qwen,10,Real1,5,0,1,Q_neg,0.92
Qwen,10,Real1,4,0,1,Q_neg,0.9
Qwen,10,Real1,3,0,1,Q_neg,0.85
Qwen,10,Real1,5,0,1,Q_pos,0.19
Qwen,10,Real1,4,0,1,Q_pos,0.18
Qwen,10,Real1,1,0,1,Q_pos,0.1
Qwen,10,Real1,2,0,1,Q_pos,0.1
Qwen,10,Real1,3,0,1,Q_pos,0.07
Qwen,10,Real2,3,0,1,Q_neg,0.97
Qwen,10,Real2,4,0,1,Q_neg,0.85
Qwen,10,Real2,1,0,1,Q_neg,0.82
Qwen,10,Real2,5,0,1,Q_neg,0.8
Qwen,10,Real2,2,0,1,Q_neg,0.78
Qwen,10,Real2,5,0,1,Q_pos,0.21
Qwen,10,Real2,2,0,1,Q_pos,0.17
Qwen,10,Real2,3,0,1,Q_pos,0.17
Qwen,10,Real2,4,0,1,Q_pos,0.16
Qwen,10,Real2,1,0,1,Q_pos,0.05
Qwen,10,Real3,3,0,1,Q_neg,0.88
Qwen,10,Real3,1,0,1,Q_neg,0.85
Qwen,10,Real3,2,0,1,Q_neg,0.85
Qwen,10,Real3,4,0,1,Q_neg,0.85
Qwen,10,Real3,5,0,1,Q_neg,0.76
Qwen,10,Real3,4,0,1,Q_pos,0.27
Qwen,10,Real3,1,0,1,Q_pos,0.21
Qwen,10,Real3,2,0,1,Q_pos,0.21
Qwen,10,Real3,5,0,1,Q_pos,0.21
Qwen,10,Real3,3,0,1,Q_pos,0.16
Qwen,10,Real_i,3,0,1,Q_neg,0.95
Qwen,10,Real_i,2,0,1,Q_neg,0.88
Qwen,10,Real_i,4,0,1,Q_neg,0.87
Qwen,10,Real_i,1,0,1,Q_neg,0.85
Qwen,10,Real_i,4,0,1,Q_pos,0.45
Qwen,10,Real_i,3,0,1,Q_pos,0.4
Qwen,10,Real_i,2,0,1,Q_pos,0.37
Qwen,10,Real_i,1,0,1,Q_pos,0.3
Qwen,10,RealΩ,4,0,1,Q_neg,0.9
Qwen,10,RealΩ,3,0,1,Q_neg,0.89
Qwen,10,RealΩ,5,0,1,Q_neg,0.85
Qwen,10,RealΩ,2,0,1,Q_neg,0.84
Qwen,10,RealΩ,1,0,1,Q_neg,0.8
Qwen,10,RealΩ,1,0,1,Q_pos,0.3
Qwen,10,RealΩ,4,0,1,Q_pos,0.29
Qwen,10,RealΩ,5,0,1,Q_pos,0.29
Qwen,10,RealΩ,2,0,1,Q_pos,0.27
Qwen,10,RealΩ,3,0,1,Q_pos,0.26
Qwen,10,Redun,1,0,1,Q_neg,1.0
Qwen,10,Redun,3,0,1,Q_neg,0.96
Qwen,10,Redun,2,0,1,Q_neg,0.95
Qwen,10,Redun,1,0,1,Q_pos,0.45
Qwen,10,Redun,3,0,1,Q_pos,0.44
Qwen,10,Redun,2,0,1,Q_pos,0.41
Qwen,10,Result2,2,0,1,Q_neg,1.0
Qwen,10,Result2,1,0,1,Q_neg,0.95
Qwen,10,Result2,2,0,1,Q_pos,0.4
Qwen,10,Result2,1,0,1,Q_pos,0.26
Qwen,10,S0,2,0,1,Q_neg,0.95
Qwen,10,S0,1,0,1,Q_neg,0.9
Qwen,10,S0,2,0,1,Q_pos,0.55
Qwen,10,S0,1,0,1,Q_pos,0.5
Qwen,10,S1,4,0,1,Q_neg,1.0
Qwen,10,S1,1,0,1,Q_neg,0.99
Qwen,10,S1,3,0,1,Q_neg,0.98
Qwen,10,S1,2,0,1,Q_neg,0.95
Qwen,10,S1,4,0,1,Q_pos,0.42
Qwen,10,S1,3,0,1,Q_pos,0.4
Qwen,10,S1,1,0,1,Q_pos,0.37
Qwen,10,S1,2,0,1,Q_pos,0.37
Qwen,10,S2,1,0,1,Q_neg,0.95
Qwen,10,S2,2,0,1,Q_neg,0.95
Qwen,10,S2,3,0,1,Q_neg,0.8
Qwen,10,S2,4,0,1,Q_neg,0.78
Qwen,10,S2,2,0,1,Q_pos,0.1
Qwen,10,S2,4,0,1,Q_pos,0.1
Qwen,10,S2,1,0,1,Q_pos,0.05
Qwen,10,S2,3,0,1,Q_pos,0.0
Qwen,10,S3,3,0,1,Q_neg,1.0
Qwen,10,S3,1,0,1,Q_neg,0.94
Qwen,10,S3,4,0,1,Q_neg,0.88
Qwen,10,S3,2,0,1,Q_neg,0.82
Qwen,10,S3,3,0,1,Q_pos,0.15
Qwen,10,S3,4,0,1,Q_pos,0.15
Qwen,10,S3,1,0,1,Q_pos,0.1
Qwen,10,S3,2,0,1,Q_pos,0.07
Qwen,10,S_i,3,0,1,Q_neg,0.99
Qwen,10,S_i,1,0,1,Q_neg,0.83
Qwen,10,S_i,2,0,1,Q_neg,0.68
Qwen,10,S_i,2,0,1,Q_pos,0.1
Qwen,10,S_i,1,0,1,Q_pos,0.05
Qwen,10,S_i,3,0,1,Q_pos,0.05
Qwen,10,Sing,1,0,1,Q_neg,0.97
Qwen,10,Sing,3,0,1,Q_neg,0.93
Qwen,10,Sing,2,0,1,Q_neg,0.7
Qwen,10,Sing,2,0,1,Q_pos,0.11
Qwen,10,Sing,1,0,1,Q_pos,0.1
Qwen,10,Sing,3,0,1,Q_pos,0.1
Qwen,10,Singulier,2,0,1,Q_neg,0.95
Qwen,10,Singulier,1,0,1,Q_neg,0.75
Qwen,10,Singulier,2,0,1,Q_pos,0.39
Qwen,10,Singulier,1,0,1,Q_pos,0.32
Qwen,10,Sinstr,2,0,1,Q_neg,0.97
Qwen,10,Sinstr,4,0,1,Q_neg,0.95
Qwen,10,Sinstr,3,0,1,Q_neg,0.94
Qwen,10,Sinstr,1,0,1,Q_neg,0.91
Qwen,10,Sinstr,2,0,1,Q_pos,0.48
Qwen,10,Sinstr,1,0,1,Q_pos,0.45
Qwen,10,Sinstr,4,0,1,Q_pos,0.43
Qwen,10,Sinstr,3,0,1,Q_pos,0.38
Qwen,10,Sloc,1,0,1,Q_neg,1.0
Qwen,10,Sloc,2,0,1,Q_neg,1.0
Qwen,10,Sloc,4,0,1,Q_neg,1.0
Qwen,10,Sloc,3,0,1,Q_neg,0.9
Qwen,10,Sloc,2,0,1,Q_pos,0.27
Qwen,10,Sloc,1,0,1,Q_pos,0.25
Qwen,10,Sloc,4,0,1,Q_pos,0.23
Qwen,10,Sloc,3,0,1,Q_pos,0.2
Qwen,10,Sres,2,0,1,Q_neg,1.0
Qwen,10,Sres,4,0,1,Q_neg,1.0
Qwen,10,Sres,1,0,1,Q_neg,0.95
Qwen,10,Sres,3,0,1,Q_neg,0.88
Qwen,10,Sres,4,0,1,Q_pos,0.67
Qwen,10,Sres,1,0,1,Q_pos,0.63
Qwen,10,Sres,2,0,1,Q_pos,0.61
Qwen,10,Sres,3,0,1,Q_pos,0.53
Qwen,10,Subst_sens_opposé,2,0,1,Q_neg,0.9
Qwen,10,Subst_sens_opposé,1,0,1,Q_neg,0.76
Qwen,10,Subst_sens_opposé,1,0,1,Q_pos,0.53
Qwen,10,Subst_sens_opposé,2,0,1,Q_pos,0.47
Qwen,10,Subst_sens_similaire,1,0,1,Q_neg,0.9
Qwen,10,Subst_sens_similaire,2,0,1,Q_neg,0.88
Qwen,10,Subst_sens_similaire,1,0,1,Q_pos,0.21
Qwen,10,Subst_sens_similaire,2,0,1,Q_pos,0.17
Qwen,10,Substitutive,1,0,1,Q_neg,0.97
Qwen,10,Substitutive,1,0,1,Q_pos,0.45
Qwen,10,Syn,1,0,1,Q_neg,0.99
Qwen,10,Syn,3,0,1,Q_neg,0.95
Qwen,10,Syn,2,0,1,Q_neg,0.84
Qwen,10,Syn,3,0,1,Q_pos,0.46
Qwen,10,Syn,2,0,1,Q_pos,0.45
Qwen,10,Syn,1,0,1,Q_pos,0.39
Qwen,10,V0,2,0,1,Q_neg,1.0
Qwen,10,V0,3,0,1,Q_neg,0.96
Qwen,10,V0,1,0,1,Q_neg,0.95
Qwen,10,V0,3,0,1,Q_pos,0.52
Qwen,10,V0,1,0,1,Q_pos,0.49
Qwen,10,V0,2,0,1,Q_pos,0.44
Qwen,10,V_collocation_ajout_de_sens,2,0,1,Q_neg,1.0
Qwen,10,V_collocation_ajout_de_sens,1,0,1,Q_neg,0.58
Qwen,10,V_collocation_ajout_de_sens,2,0,1,Q_pos,0.34
Qwen,10,V_collocation_ajout_de_sens,1,0,1,Q_pos,0.3
Qwen,10,V_dériv_sens_vide,1,0,1,Q_neg,0.95
Qwen,10,V_dériv_sens_vide,2,0,1,Q_neg,0.95
Qwen,10,V_dériv_sens_vide,2,0,1,Q_pos,0.35
Qwen,10,V_dériv_sens_vide,1,0,1,Q_pos,0.3
Qwen,10,Ver,3,0,1,Q_neg,0.85
Qwen,10,Ver,2,0,1,Q_neg,0.79
Qwen,10,Ver,1,0,1,Q_neg,0.65
Qwen,10,Ver,3,0,1,Q_pos,0.55
Qwen,10,Ver,1,0,1,Q_pos,0.43
Qwen,10,Ver,2,0,1,Q_pos,0.36
Qwen,10,Verbe_support,2,0,1,Q_neg,1.0
Qwen,10,Verbe_support,1,0,1,Q_neg,0.95
Qwen,10,Verbe_support,1,0,1,Q_pos,0.2
Qwen,10,Verbe_support,2,0,1,Q_pos,0.19
Qwen,10,Verbes_causatifs,1,0,1,Q_neg,0.99
Qwen,10,Verbes_causatifs,3,0,1,Q_neg,0.95
Qwen,10,Verbes_causatifs,2,0,1,Q_neg,0.83
Qwen,10,Verbes_causatifs,3,0,1,Q_pos,0.2
Qwen,10,Verbes_causatifs,2,0,1,Q_pos,0.19
Qwen,10,Verbes_causatifs,1,0,1,Q_pos,0.1
Qwen,10,Verbes_de_phase,3,0,1,Q_neg,0.94
Qwen,10,Verbes_de_phase,1,0,1,Q_neg,0.91
Qwen,10,Verbes_de_phase,2,0,1,Q_neg,0.85
Qwen,10,Verbes_de_phase,2,0,1,Q_pos,0.32
Qwen,10,Verbes_de_phase,3,0,1,Q_pos,0.31
Qwen,10,Verbes_de_phase,1,0,1,Q_pos,0.3
Qwen,10,Vreal,3,0,1,Q_neg,0.9
Qwen,10,Vreal,1,0,1,Q_neg,0.83
Qwen,10,Vreal,2,0,1,Q_neg,0.75
Qwen,10,Vreal,3,0,1,Q_pos,0.48
Qwen,10,Vreal,2,0,1,Q_pos,0.42
Qwen,10,Vreal,1,0,1,Q_pos,0.25
